OrderID,SKU,Description,InvoiceDate,Quantity,Country,CustomerID
C570867,23290,SPACEBOY CHILDRENS BOWL,2011-10-12,-8,USA,12607.0
C570867,23289,DOLLY GIRL CHILDRENS BOWL,2011-10-12,-8,USA,12607.0
C570867,23256,CHILDRENS CUTLERY SPACEBOY,2011-10-12,-4,USA,12607.0
C570867,23255,CHILDRENS CUTLERY CIRCUS PARADE,2011-10-12,-4,USA,12607.0
C570867,23254,CHILDRENS CUTLERY DOLLY GIRL,2011-10-12,-4,USA,12607.0
C570867,23229,VINTAGE DONKEY TAIL GAME,2011-10-12,-6,USA,12607.0
C570867,23167,SMALL CERAMIC TOP STORAGE JAR,2011-10-12,-12,USA,12607.0
C570867,23166,MEDIUM CERAMIC TOP STORAGE JAR,2011-10-12,-12,USA,12607.0
C570867,23165,LARGE CERAMIC TOP STORAGE JAR,2011-10-12,-12,USA,12607.0
C570867,23159,SET OF 5 PANCAKE DAY MAGNETS,2011-10-12,-12,USA,12607.0
C570867,23156,SET OF 5 MINI GROCERY MAGNETS,2011-10-12,-12,USA,12607.0
C570867,23078,ICE CREAM PEN LIP GLOSS,2011-10-12,-24,USA,12607.0
C570867,23077,DOUGHNUT LIP GLOSS,2011-10-12,-20,USA,12607.0
C570867,23014,GLASS APOTHECARY BOTTLE ELIXIR,2011-10-12,-4,USA,12607.0
C570867,22989,SET 2 PANTRY DESIGN TEA TOWELS,2011-10-12,-6,USA,12607.0
C570867,22983,CARD BILLBOARD FONT,2011-10-12,-12,USA,12607.0
C570867,22974,CHILDRENS DOLLY GIRL MUG,2011-10-12,-12,USA,12607.0
C570867,22972,CHILDREN'S SPACEBOY MUG,2011-10-12,-12,USA,12607.0
C570867,22959,WRAP CHRISTMAS VILLAGE,2011-10-12,-25,USA,12607.0
C570867,22951,60 CAKE CASES DOLLY GIRL DESIGN,2011-10-12,-24,USA,12607.0
C570867,22949,36 DOILIES DOLLY GIRL,2011-10-12,-12,USA,12607.0
C570867,22938,CUPCAKE LACE PAPER SET 6,2011-10-12,-12,USA,12607.0
C570867,22922,FRIDGE MAGNETS US DINER ASSORTED,2011-10-12,-12,USA,12607.0
C570867,22818,CARD CHRISTMAS VILLAGE,2011-10-12,-12,USA,12607.0
C570867,22739,RIBBON REEL CHRISTMAS SOCK BAUBLE,2011-10-12,-10,USA,12607.0
C570867,22738,RIBBON REEL SNOWY VILLAGE,2011-10-12,-10,USA,12607.0
C570867,22737,RIBBON REEL CHRISTMAS PRESENT,2011-10-12,-10,USA,12607.0
C570867,22736,RIBBON REEL MAKING SNOWMEN,2011-10-12,-10,USA,12607.0
C570867,22734,SET OF 6 RIBBONS VINTAGE CHRISTMAS,2011-10-12,-6,USA,12607.0
C570867,22720,SET OF 3 CAKE TINS PANTRY DESIGN,2011-10-12,-3,USA,12607.0
C570867,22712,CARD DOLLY GIRL,2011-10-12,-12,USA,12607.0
C570867,22708,WRAP DOLLY GIRL,2011-10-12,-25,USA,12607.0
C570867,22706,WRAP COWBOYS,2011-10-12,-25,USA,12607.0
C570867,22668,PINK BABY BUNTING,2011-10-12,-5,USA,12607.0
C570867,22649,STRAWBERRY FAIRY CAKE TEAPOT,2011-10-12,-8,USA,12607.0
C570867,22619,SET OF 6 SOLDIER SKITTLES,2011-10-12,-4,USA,12607.0
C570867,22551,PLASTERS IN TIN SPACEBOY,2011-10-12,-12,USA,12607.0
C570867,22492,MINI PAINT SET VINTAGE,2011-10-12,-36,USA,12607.0
C570867,22449,SILK PURSE BABUSHKA PINK,2011-10-12,-6,USA,12607.0
C570867,22417,PACK OF 60 SPACEBOY CAKE CASES,2011-10-12,-24,USA,12607.0
C570867,22399,MAGNETS PACK OF 4 CHILDHOOD MEMORY,2011-10-12,-12,USA,12607.0
C570867,22360,GLASS JAR ENGLISH CONFECTIONERY,2011-10-12,-6,USA,12607.0
C570867,22326,ROUND SNACK BOXES SET OF4 WOODLAND,2011-10-12,-6,USA,12607.0
C570867,22204,MILK PAN BLUE POLKADOT,2011-10-12,-4,USA,12607.0
C570867,22199,FRYING PAN RED RETROSPOT,2011-10-12,-4,USA,12607.0
C570867,22139,RETROSPOT TEA SET CERAMIC 11 PC,2011-10-12,-3,USA,12607.0
C570867,22138,BAKING SET 9 PIECE RETROSPOT,2011-10-12,-3,USA,12607.0
C570867,22090,PAPER BUNTING RETROSPOT,2011-10-12,-6,USA,12607.0
C570867,22050,PINK PAISLEY ROSE GIFT WRAP,2011-10-12,-25,USA,12607.0
C570867,22048,BIRTHDAY BANQUET GIFT WRAP,2011-10-12,-25,USA,12607.0
C570867,22046,TEA PARTY  WRAPPING PAPER,2011-10-12,-25,USA,12607.0
C570867,22029,SPACEBOY BIRTHDAY CARD,2011-10-12,-12,USA,12607.0
C570867,22027,TEA PARTY BIRTHDAY CARD,2011-10-12,-12,USA,12607.0
C570867,21976,PACK OF 60 MUSHROOM CAKE CASES,2011-10-12,-24,USA,12607.0
C570867,21974,SET OF 36 PAISLEY FLOWER DOILIES,2011-10-12,-12,USA,12607.0
C570867,21915,RED  HARMONICA IN BOX,2011-10-12,-12,USA,12607.0
C570867,21891,TRADITIONAL WOODEN SKIPPING ROPE,2011-10-12,-12,USA,12607.0
C570867,21671,RED SPOT CERAMIC DRAWER KNOB,2011-10-12,-12,USA,12607.0
C570867,21669,BLUE STRIPE CERAMIC DRAWER KNOB,2011-10-12,-12,USA,12607.0
C570867,21668,RED STRIPE CERAMIC DRAWER KNOB,2011-10-12,-12,USA,12607.0
C570867,21577,SAVE THE PLANET COTTON TOTE BAG,2011-10-12,-6,USA,12607.0
C570867,21524,DOORMAT SPOTTY HOME SWEET HOME,2011-10-12,-2,USA,12607.0
C570867,21499,BLUE POLKADOT WRAP,2011-10-12,-25,USA,12607.0
C570867,21498,RED RETROSPOT WRAP,2011-10-12,-25,USA,12607.0
C570867,21232,STRAWBERRY CERAMIC TRINKET BOX,2011-10-12,-12,USA,12607.0
C570867,21231,SWEETHEART CERAMIC TRINKET BOX,2011-10-12,-12,USA,12607.0
C570867,21212,PACK OF 72 RETROSPOT CAKE CASES,2011-10-12,-24,USA,12607.0
C570867,21210,SET OF 72 RETROSPOT PAPER  DOILIES,2011-10-12,-12,USA,12607.0
C570867,21124,SET/10 BLUE POLKADOT PARTY CANDLES,2011-10-12,-24,USA,12607.0
C570867,21123,SET/10 IVORY POLKADOT PARTY CANDLES,2011-10-12,-24,USA,12607.0
C570867,21122,SET/10 PINK POLKADOT PARTY CANDLES,2011-10-12,-24,USA,12607.0
C570867,21121,SET/10 RED POLKADOT PARTY CANDLES,2011-10-12,-24,USA,12607.0
C570867,21059,PARTY INVITES DINOSAURS,2011-10-12,-12,USA,12607.0
C570867,20750,RED RETROSPOT MINI CASES,2011-10-12,-2,USA,12607.0
C570867,16161P,WRAP ENGLISH ROSE,2011-10-12,-25,USA,12607.0
C570867,84991,60 TEATIME FAIRY CAKE CASES,2011-10-12,-24,USA,12607.0
C570867,84987,SET OF 36 TEATIME PAPER DOILIES,2011-10-12,-12,USA,12607.0
C570867,84509A,SET OF 4 ENGLISH ROSE PLACEMATS,2011-10-12,-4,USA,12607.0
C570867,48185,DOORMAT FAIRY CAKE,2011-10-12,-2,USA,12607.0
C570867,47590B,PINK HAPPY BIRTHDAY BUNTING,2011-10-12,-3,USA,12607.0
C570867,47590A,BLUE HAPPY BIRTHDAY BUNTING,2011-10-12,-3,USA,12607.0
C570867,47559B,TEA TIME OVEN GLOVE,2011-10-12,-10,USA,12607.0
C570867,37495,FAIRY CAKE BIRTHDAY CANDLE SET,2011-10-12,-4,USA,12607.0
C570867,37448,CERAMIC CAKE DESIGN SPOTTED MUG,2011-10-12,-12,USA,12607.0
C570867,23518,EMBROIDERED RIBBON REEL RACHEL,2011-10-12,-6,USA,12607.0
C570867,23514,EMBROIDERED RIBBON REEL SALLY,2011-10-12,-6,USA,12607.0
C570867,23434,3 RAFFIA RIBBONS 50'S CHRISTMAS,2011-10-12,-10,USA,12607.0
C570867,23372,SET 36 COLOUR PENCILS DOLLY GIRL,2011-10-12,-16,USA,12607.0
C570867,23367,SET 12 COLOUR PENCILS SPACEBOY,2011-10-12,-16,USA,12607.0
C570867,23354,6 GIFT TAGS 50'S CHRISTMAS,2011-10-12,-12,USA,12607.0
C570867,23353,6 GIFT TAGS VINTAGE CHRISTMAS,2011-10-12,-12,USA,12607.0
C570867,23351,ROLL WRAP 50'S CHRISTMAS,2011-10-12,-12,USA,12607.0
C570867,23349,ROLL WRAP VINTAGE CHRISTMAS,2011-10-12,-12,USA,12607.0
C570867,23311,VINTAGE CHRISTMAS STOCKING,2011-10-12,-6,USA,12607.0
C570867,23309,SET OF 60 I LOVE LONDON CAKE CASES,2011-10-12,-24,USA,12607.0
C570867,23293,SET OF 12 FAIRY CAKE BAKING CASES,2011-10-12,-8,USA,12607.0
C570867,23292,SPACEBOY CHILDRENS CUP,2011-10-12,-8,USA,12607.0
C570867,23291,DOLLY GIRL CHILDRENS CUP,2011-10-12,-8,USA,12607.0
C570867,23513,EMBROIDERED RIBBON REEL SUSIE,2011-10-12,-6,USA,12607.0
C570867,21058,PARTY INVITES WOODLAND,2011-10-12,-12,USA,12607.0
572215,23293,SET OF 12 FAIRY CAKE BAKING CASES,2011-10-21,32,USA,12646.0
572215,23296,SET OF 6 TEA TIME BAKING CASES,2011-10-21,32,USA,12646.0
580553,23366,SET 12 COLOURING PENCILS DOILY,2011-12-05,72,USA,12646.0
580553,20975,12 PENCILS SMALL TUBE RED RETROSPOT,2011-12-05,72,USA,12646.0
C581229,85099B,JUMBO BAG RED RETROSPOT,2011-12-08,-10,USA,12558.0
C581229,84828,JUNGLE POPSICLES ICE LOLLY MOULDS,2011-12-08,-24,USA,12558.0
C581229,79191C,RETRO PLASTIC ELEPHANT TRAY,2011-12-08,-24,USA,12558.0
C581229,23392,SPACEBOY ROCKET LOLLY MAKERS,2011-12-08,-24,USA,12558.0
C581229,23344,JUMBO BAG 50'S CHRISTMAS,2011-12-08,-10,USA,12558.0
C581229,23209,LUNCH BAG VINTAGE DOILY,2011-12-08,-20,USA,12558.0
C581229,23158,SET OF 5 LUCKY CAT MAGNETS,2011-12-08,-36,USA,12558.0
C581229,22712,CARD DOLLY GIRL,2011-12-08,-12,USA,12558.0
C581229,22027,TEA PARTY BIRTHDAY CARD,2011-12-08,-12,USA,12558.0
C581229,21508,VINTAGE KID DOLLY CARD,2011-12-08,-12,USA,12558.0
C581229,21507,ELEPHANT BIRTHDAY CARD,2011-12-08,-12,USA,12558.0
536540,22355,CHARLOTTE BAG SUKI DESIGN,2010-12-01,50,EIRE,14911.0
536890,17084R,ASSORTED INCENSE PACK,2010-12-03,1440,EIRE,14156.0
536890,17091J,VANILLA INCENSE IN TIN,2010-12-03,72,EIRE,14156.0
536975,22049,WRAP CHRISTMAS SCREEN PRINT,2010-12-03,50,EIRE,14911.0
536975,22112,CHOCOLATE HOT WATER BOTTLE,2010-12-03,9,EIRE,14911.0
537378,84945,MULTI COLOUR SILVER T-LIGHT HOLDER,2010-12-06,72,EIRE,14911.0
538009,21733,RED HANGING HEART T-LIGHT HOLDER,2010-12-09,18,EIRE,14911.0
538009,22804,CANDLEHOLDER PINK HANGING HEART,2010-12-09,18,EIRE,14911.0
C539221,90185B,AMETHYST DIAMANTE EXPANDABLE RING,2010-12-16,-3,EIRE,14911.0
C539221,90185C,BLACK DIAMANTE EXPANDABLE RING,2010-12-16,-4,EIRE,14911.0
C539221,22941,CHRISTMAS LIGHTS 10 REINDEER,2010-12-16,-12,EIRE,14911.0
C539221,22942,CHRISTMAS LIGHTS 10 SANTAS,2010-12-16,-10,EIRE,14911.0
539320,35957,SMALLFOLKART BAUBLE CHRISTMAS DEC,2010-12-16,96,EIRE,14911.0
C539576,85123A,WHITE HANGING HEART T-LIGHT HOLDER,2010-12-20,-24,EIRE,14911.0
C539576,84032B,CHARLIE + LOLA RED HOT WATER BOTTLE,2010-12-20,-24,EIRE,14911.0
C539576,84032A,CHARLIE+LOLA PINK HOT WATER BOTTLE,2010-12-20,-24,EIRE,14911.0
C539576,72818,CHRISTMAS DECOUPAGE CANDLE,2010-12-20,-36,EIRE,14911.0
C539576,72817,SET OF 2 CHRISTMAS DECOUPAGE CANDLE,2010-12-20,-24,EIRE,14911.0
C539576,72816,SET/3 CHRISTMAS DECOUPAGE CANDLES,2010-12-20,-24,EIRE,14911.0
C539576,47559B,TEA TIME OVEN GLOVE,2010-12-20,-20,EIRE,14911.0
C539576,35957,SMALLFOLKART BAUBLE CHRISTMAS DEC,2010-12-20,-96,EIRE,14911.0
C539576,22939,APRON APPLE DELIGHT,2010-12-20,-12,EIRE,14911.0
C539576,22897,OVEN MITT APPLES DESIGN,2010-12-20,-10,EIRE,14911.0
C539576,22896,PEG BAG APPLES DESIGN,2010-12-20,-12,EIRE,14911.0
C539576,22795,SWEETHEART RECIPE BOOK STAND,2010-12-20,-10,EIRE,14911.0
C539576,21411,GINGHAM HEART  DOORSTOP RED,2010-12-20,-6,EIRE,14911.0
C539576,21155,RED RETROSPOT PEG BAG,2010-12-20,-12,EIRE,14911.0
C539576,20679,EDWARDIAN PARASOL RED,2010-12-20,-6,EIRE,14911.0
C539576,15056P,EDWARDIAN PARASOL PINK,2010-12-20,-6,EIRE,14911.0
C539576,15056N,EDWARDIAN PARASOL NATURAL,2010-12-20,-6,EIRE,14911.0
C539576,15056BL,EDWARDIAN PARASOL BLACK,2010-12-20,-6,EIRE,14911.0
C539603,22197,SMALL POPCORN HOLDER,2010-12-20,-2,EIRE,14911.0
C539603,22769,CHALKBOARD KITCHEN ORGANISER,2010-12-20,-2,EIRE,14911.0
539722,20752,BLUE POLKADOT WASHING UP GLOVES,2010-12-21,18,EIRE,14911.0
539722,20754,RETROSPOT RED WASHING UP GLOVES,2010-12-21,18,EIRE,14911.0
539722,22112,CHOCOLATE HOT WATER BOTTLE,2010-12-21,9,EIRE,14911.0
539722,84991,60 TEATIME FAIRY CAKE CASES,2010-12-21,72,EIRE,14911.0
C539948,21888,BINGO SET,2010-12-23,-4,EIRE,null
C540164,85049A,TRADITIONAL CHRISTMAS RIBBONS,2011-01-05,-12,EIRE,14911.0
C540164,84508B,STRIPES DESIGN TEDDY,2011-01-05,-6,EIRE,14911.0
C540164,72815,3 WICK CHRISTMAS BRIAR CANDLE,2011-01-05,-4,EIRE,14911.0
C540164,22034,ROBIN CHRISTMAS CARD,2011-01-05,-12,EIRE,14911.0
C540164,21144,PINK POODLE HANGING DECORATION,2011-01-05,-12,EIRE,14911.0
C540164,21412,VINTAGE GOLD TINSEL REEL,2011-01-05,-6,EIRE,14911.0
C540164,21351,CINAMMON & ORANGE WREATH,2011-01-05,-2,EIRE,14911.0
C540164,20914,SET/5 RED RETROSPOT LID GLASS BOWLS,2011-01-05,-6,EIRE,14911.0
C540164,84347,ROTATING SILVER ANGELS T-LIGHT HLDR,2011-01-05,-6,EIRE,14911.0
C540164,72741,GRAND CHOCOLATECANDLE,2011-01-05,-9,EIRE,14911.0
C540164,35400,WOODEN BOX ADVENT CALENDAR,2011-01-05,-2,EIRE,14911.0
C540164,22939,APRON APPLE DELIGHT,2011-01-05,-2,EIRE,14911.0
C540164,22897,OVEN MITT APPLES DESIGN,2011-01-05,-10,EIRE,14911.0
C540164,22246,MAGIC GARDEN FELT GARLAND,2011-01-05,-12,EIRE,14911.0
C540559,21888,BINGO SET,2011-01-10,-4,EIRE,null
541220,22505,MEMO BOARD COTTAGE DESIGN,2011-01-14,120,EIRE,14156.0
541220,22968,ROSE COTTAGE KEEPSAKE BOX,2011-01-14,64,EIRE,14156.0
541220,22362,GLASS JAR PEACOCK BATH SALTS,2011-01-14,120,EIRE,14156.0
541220,22363,GLASS JAR MARMALADE,2011-01-14,120,EIRE,14156.0
541220,22361,GLASS JAR DAISY FRESH COTTON WOOL,2011-01-14,120,EIRE,14156.0
541220,85049G,CHOCOLATE BOX RIBBONS,2011-01-14,144,EIRE,14156.0
541220,21289,LARGE STRIPES CHOCOLATE GIFT BAG,2011-01-14,176,EIRE,14156.0
541220,21292,SMALL STRIPES CHOCOLATE GIFT BAG,2011-01-14,384,EIRE,14156.0
541220,22931,BAKING MOULD HEART WHITE CHOCOLATE,2011-01-14,144,EIRE,14156.0
541220,22932,BAKING MOULD TOFFEE CUP CHOCOLATE,2011-01-14,144,EIRE,14156.0
541220,22936,BAKING MOULD ROSE WHITE CHOCOLATE,2011-01-14,72,EIRE,14156.0
541220,22935,BAKING MOULD ROSE MILK CHOCOLATE,2011-01-14,72,EIRE,14156.0
541220,22934,BAKING MOULD EASTER EGG WHITE CHOC,2011-01-14,72,EIRE,14156.0
541220,22933,BAKING MOULD EASTER EGG MILK CHOC,2011-01-14,120,EIRE,14156.0
541220,22967,SET 3 SONG BIRD PAPER EGGS ASSORTED,2011-01-14,240,EIRE,14156.0
541220,22957,SET 3 PAPER VINTAGE CHICK PAPER EGG,2011-01-14,240,EIRE,14156.0
541220,22766,PHOTO FRAME CORNICE,2011-01-14,96,EIRE,14156.0
541220,22896,PEG BAG APPLE DESIGN,2011-01-14,100,EIRE,14156.0
541220,22305,COFFEE MUG PINK PAISLEY DESIGN,2011-01-14,216,EIRE,14156.0
541220,22908,PACK OF 20 NAPKINS RED APPLES,2011-01-14,288,EIRE,14156.0
541220,22722,SET OF 6 SPICE TINS PANTRY DESIGN,2011-01-14,192,EIRE,14156.0
541220,22961,JAM MAKING SET PRINTED,2011-01-14,288,EIRE,14156.0
541220,22960,JAM MAKING SET WITH JARS,2011-01-14,60,EIRE,14156.0
541220,22720,SET OF 3 CAKE TINS PANTRY DESIGN,2011-01-14,144,EIRE,14156.0
541220,22699,ROSES REGENCY TEACUP AND SAUCER,2011-01-14,120,EIRE,14156.0
541220,22423,REGENCY CAKESTAND 3 TIER,2011-01-14,160,EIRE,14156.0
541220,22628,PICNIC BOXES SET OF 3 RETROSPOT,2011-01-14,160,EIRE,14156.0
541220,20914,SET/5 RED SPOTTY LID GLASS BOWLS,2011-01-14,288,EIRE,14156.0
541220,22838,3 TIER CAKE TIN RED AND CREAM,2011-01-14,96,EIRE,14156.0
541220,22840,ROUND CAKE TIN VINTAGE RED,2011-01-14,144,EIRE,14156.0
541220,22429,ENAMEL MEASURING JUG CREAM,2011-01-14,180,EIRE,14156.0
541220,22483,RED GINGHAM TEDDY BEAR,2011-01-14,144,EIRE,14156.0
541220,22557,PLASTERS IN TIN VINTAGE PAISLEY,2011-01-14,192,EIRE,14156.0
541220,22551,PLASTERS IN TIN SPACEBOY,2011-01-14,192,EIRE,14156.0
541220,22629,SPACEBOY LUNCH BOX,2011-01-14,192,EIRE,14156.0
541220,22630,DOLLY GIRL LUNCH BOX,2011-01-14,192,EIRE,14156.0
541220,20728,LUNCH BAG CARS BLUE,2011-01-14,100,EIRE,14156.0
541220,22383,LUNCH BAG SUKI  DESIGN,2011-01-14,100,EIRE,14156.0
541220,20725,LUNCH BAG RED SPOTTY,2011-01-14,200,EIRE,14156.0
541434,84978,HANGING HEART JAR T-LIGHT HOLDER,2011-01-18,72,EIRE,14911.0
541434,71459,HANGING JAM JAR T-LIGHT HOLDER,2011-01-18,96,EIRE,14911.0
541670,22907,PACK OF 20 NAPKINS PANTRY DESIGN,2011-01-20,192,EIRE,14911.0
541670,84380,SET OF 3 BUTTERFLY COOKIE CUTTERS,2011-01-20,144,EIRE,14911.0
541670,22570,FELTCRAFT CUSHION RABBIT,2011-01-20,32,EIRE,14911.0
541670,21715,GIRLS VINTAGE TIN SEASIDE BUCKET,2011-01-20,32,EIRE,14911.0
541670,22957,SET 3 PAPER VINTAGE CHICK PAPER EGG,2011-01-20,72,EIRE,14911.0
541670,22960,JAM MAKING SET WITH JARS,2011-01-20,72,EIRE,14911.0
541670,22969,HOMEMADE JAM SCENTED CANDLES,2011-01-20,120,EIRE,14911.0
541670,22966,GINGERBREAD MAN COOKIE CUTTER,2011-01-20,144,EIRE,14911.0
541670,22965,3 TRADITIONAL COOKIE CUTTERS  SET,2011-01-20,144,EIRE,14911.0
542216,16235,RECYCLED PENCIL WITH RABBIT ERASER,2011-01-26,60,EIRE,14911.0
543114,85123A,WHITE HANGING HEART T-LIGHT HOLDER,2011-02-03,32,EIRE,14156.0
C543442,84625A,PINK NEW BAROQUECANDLESTICK CANDLE,2011-02-08,-3,EIRE,14911.0
543828,71459,HANGING JAM JAR T-LIGHT HOLDER,2011-02-14,96,EIRE,14156.0
543899,22630,DOLLY GIRL LUNCH BOX,2011-02-14,9,EIRE,null
543899,22726,ALARM CLOCK BAKELIKE GREEN,2011-02-14,9,EIRE,null
543899,22730,ALARM CLOCK BAKELIKE IVORY,2011-02-14,9,EIRE,null
543899,47566,PARTY BUNTING,2011-02-14,9,EIRE,null
543899,22083,PAPER CHAIN KIT RETROSPOT,2011-02-14,9,EIRE,null
543899,22567,20 DOLLY PEGS RETROSPOT,2011-02-14,9,EIRE,null
543899,20718,RED RETROSPOT SHOPPER BAG,2011-02-14,11,EIRE,null
543899,21754,HOME BUILDING BLOCK WORD,2011-02-14,9,EIRE,null
544075,22699,ROSES REGENCY TEACUP AND SAUCER,2011-02-15,60,EIRE,14156.0
544075,21756,BATH BUILDING BLOCK WORD,2011-02-15,18,EIRE,14156.0
544075,79321,CHILLI LIGHTS,2011-02-15,72,EIRE,14156.0
544075,22604,SET OF 4 NAPKIN CHARMS CUTLERY,2011-02-15,64,EIRE,14156.0
544075,22727,ALARM CLOCK BAKELIKE RED,2011-02-15,50,EIRE,14156.0
544075,22728,ALARM CLOCK BAKELIKE PINK,2011-02-15,50,EIRE,14156.0
544075,22725,ALARM CLOCK BAKELIKE CHOCOLATE,2011-02-15,50,EIRE,14156.0
544075,21668,RED STRIPE CERAMIC DRAWER KNOB,2011-02-15,144,EIRE,14156.0
544075,22964,3 PIECE SPACEBOY COOKIE CUTTER SET,2011-02-15,144,EIRE,14156.0
544075,22555,PLASTERS IN TIN STRONGMAN,2011-02-15,96,EIRE,14156.0
544075,22629,SPACEBOY LUNCH BOX,2011-02-15,64,EIRE,14156.0
544075,22932,BAKING MOULD TOFFEE CUP CHOCOLATE,2011-02-15,96,EIRE,14156.0
544075,23230,WRAP ALPHABET DESIGN,2011-02-15,300,EIRE,14156.0
544075,22985,"WRAP, BILLBOARD FONTS DESIGN",2011-02-15,300,EIRE,14156.0
544075,23232,WRAP VINTAGE PETALS  DESIGN,2011-02-15,200,EIRE,14156.0
544690,22804,CANDLEHOLDER PINK HANGING HEART,2011-02-23,32,EIRE,14156.0
544690,21733,RED HANGING HEART T-LIGHT HOLDER,2011-02-23,32,EIRE,14156.0
544690,85123A,WHITE HANGING HEART T-LIGHT HOLDER,2011-02-23,32,EIRE,14156.0
544690,22197,SMALL POPCORN HOLDER,2011-02-23,400,EIRE,14156.0
C545033,22936,BAKING MOULD ROSE WHITE CHOCOLATE,2011-02-25,-72,EIRE,14156.0
C545033,22935,BAKING MOULD ROSE MILK CHOCOLATE,2011-02-25,-72,EIRE,14156.0
C545033,22838,3 TIER CAKE TIN RED AND CREAM,2011-02-25,-96,EIRE,14156.0
C545033,22699,ROSES REGENCY TEACUP AND SAUCER,2011-02-25,-120,EIRE,14156.0
C545033,22630,DOLLY GIRL LUNCH BOX,2011-02-25,-192,EIRE,14156.0
C545033,22363,GLASS JAR MARMALADE,2011-02-25,-120,EIRE,14156.0
545320,22936,BAKING MOULD ROSE WHITE CHOCOLATE,2011-03-01,72,EIRE,14156.0
545320,22935,BAKING MOULD ROSE MILK CHOCOLATE,2011-03-01,72,EIRE,14156.0
545320,22838,3 TIER CAKE TIN RED AND CREAM,2011-03-01,96,EIRE,14156.0
545320,22699,ROSES REGENCY TEACUP AND SAUCER,2011-03-01,117,EIRE,14156.0
545320,22630,DOLLY GIRL LUNCH BOX,2011-03-01,192,EIRE,14156.0
545320,22363,GLASS JAR MARMALADE,2011-03-01,120,EIRE,14156.0
C545506,22907,PACK OF 20 NAPKINS PANTRY DESIGN,2011-03-03,-12,EIRE,null
546212,84991,60 TEATIME FAIRY CAKE CASES,2011-03-10,240,EIRE,14156.0
546212,84992,72 SWEETHEART FAIRY CAKE CASES,2011-03-10,240,EIRE,14156.0
546212,82580,BATHROOM METAL SIGN,2011-03-10,100,EIRE,14156.0
546212,20754,RETROSPOT RED WASHING UP GLOVES,2011-03-10,72,EIRE,14156.0
546212,21181,PLEASE ONE PERSON METAL SIGN,2011-03-10,144,EIRE,14156.0
546212,21166,COOK WITH WINE METAL SIGN,2011-03-10,144,EIRE,14156.0
546212,21169,YOU'RE CONFUSING ME METAL SIGN,2011-03-10,144,EIRE,14156.0
546212,22728,ALARM CLOCK BAKELIKE PINK,2011-03-10,30,EIRE,14156.0
546212,22727,ALARM CLOCK BAKELIKE RED,2011-03-10,30,EIRE,14156.0
546212,22699,ROSES REGENCY TEACUP AND SAUCER,2011-03-10,72,EIRE,14156.0
546212,22629,SPACEBOY LUNCH BOX,2011-03-10,64,EIRE,14156.0
546212,22555,PLASTERS IN TIN STRONGMAN,2011-03-10,96,EIRE,14156.0
546212,21756,BATH BUILDING BLOCK WORD,2011-03-10,18,EIRE,14156.0
546212,21668,RED STRIPE CERAMIC DRAWER KNOB,2011-03-10,96,EIRE,14156.0
546212,21212,PACK OF 72 RETROSPOT CAKE CASES,2011-03-10,240,EIRE,14156.0
546212,22491,PACK OF 12 COLOURED PENCILS,2011-03-10,144,EIRE,14156.0
546212,22489,PACK OF 12 TRADITIONAL CRAYONS,2011-03-10,144,EIRE,14156.0
546212,22418,10 COLOUR SPACEBOY PEN,2011-03-10,72,EIRE,14156.0
546212,21790,VINTAGE SNAP CARDS,2011-03-10,72,EIRE,14156.0
546212,21975,PACK OF 60 DINOSAUR CAKE CASES,2011-03-10,240,EIRE,14156.0
546212,21977,PACK OF 60 PINK PAISLEY CAKE CASES,2011-03-10,240,EIRE,14156.0
546263,22305,COFFEE MUG PINK PAISLEY DESIGN,2011-03-10,216,EIRE,14156.0
546509,21108,FAIRY CAKE FLANNEL ASSORTED COLOUR,2011-03-14,9,EIRE,14911.0
546520,10135,COLOURING PENCILS BROWN TUBE,2011-03-14,60,EIRE,14911.0
546520,22197,SMALL POPCORN HOLDER,2011-03-14,100,EIRE,14911.0
546541,22704,WRAP RED APPLES,2011-03-14,75,EIRE,14911.0
546580,72802A,ROSE SCENT CANDLE IN JEWELLED BOX,2011-03-15,18,EIRE,14911.0
546580,72802B,OCEAN SCENT CANDLE IN JEWELLED BOX,2011-03-15,18,EIRE,14911.0
546580,72802C,VANILLA SCENT CANDLE JEWELLED BOX,2011-03-15,18,EIRE,14911.0
546580,21754,HOME BUILDING BLOCK WORD,2011-03-15,9,EIRE,14911.0
546580,85123A,WHITE HANGING HEART T-LIGHT HOLDER,2011-03-15,18,EIRE,14911.0
546660,22969,HOMEMADE JAM SCENTED CANDLES,2011-03-15,96,EIRE,14156.0
546861,16237,SLEEPING CAT ERASERS,2011-03-17,30,EIRE,14911.0
546861,16259,PIECE OF CAMO STATIONERY SET,2011-03-17,108,EIRE,14911.0
547882,16048,TEATIME ROUND PENCIL SHARPENER,2011-03-28,96,EIRE,14911.0
548718,84849D,HOT BATHS SOAP HOLDER,2011-04-04,72,EIRE,14156.0
548718,21908,CHOCOLATE THIS WAY METAL SIGN,2011-04-04,144,EIRE,14156.0
548718,82583,HOT BATHS METAL SIGN,2011-04-04,144,EIRE,14156.0
548718,22604,SET OF 4 NAPKIN CHARMS CUTLERY,2011-04-04,64,EIRE,14156.0
548718,22725,ALARM CLOCK BAKELIKE CHOCOLATE,2011-04-04,30,EIRE,14156.0
548718,22728,ALARM CLOCK BAKELIKE PINK,2011-04-04,30,EIRE,14156.0
548718,22727,ALARM CLOCK BAKELIKE RED,2011-04-04,30,EIRE,14156.0
548718,21790,VINTAGE SNAP CARDS,2011-04-04,72,EIRE,14156.0
548718,21181,PLEASE ONE PERSON METAL SIGN,2011-04-04,144,EIRE,14156.0
548718,21169,YOU'RE CONFUSING ME METAL SIGN,2011-04-04,144,EIRE,14156.0
548718,21166,COOK WITH WINE METAL SIGN,2011-04-04,144,EIRE,14156.0
548718,20754,RETROSPOT RED WASHING UP GLOVES,2011-04-04,72,EIRE,14156.0
549196,21498,RED RETROSPOT WRAP,2011-04-07,50,EIRE,14911.0
551187,22381,TOY TIDY PINK POLKADOT,2011-04-27,50,EIRE,14911.0
551187,22380,TOY TIDY SPACEBOY,2011-04-27,50,EIRE,14911.0
551187,22379,RECYCLING BAG RETROSPOT,2011-04-27,50,EIRE,14911.0
551656,16237,SLEEPING CAT ERASERS,2011-05-03,30,EIRE,14911.0
552038,20725,LUNCH BAG RED RETROSPOT,2011-05-06,50,EIRE,14156.0
552038,20685,DOORMAT RED RETROSPOT,2011-05-06,40,EIRE,14156.0
552038,22489,PACK OF 12 TRADITIONAL CRAYONS,2011-05-06,144,EIRE,14156.0
552038,21977,PACK OF 60 PINK PAISLEY CAKE CASES,2011-05-06,240,EIRE,14156.0
552038,21790,VINTAGE SNAP CARDS,2011-05-06,72,EIRE,14156.0
552038,21523,DOORMAT FANCY FONT HOME SWEET HOME,2011-05-06,40,EIRE,14156.0
552038,21212,PACK OF 72 RETROSPOT CAKE CASES,2011-05-06,240,EIRE,14156.0
552038,21169,YOU'RE CONFUSING ME METAL SIGN,2011-05-06,144,EIRE,14156.0
552038,21166,COOK WITH WINE METAL SIGN,2011-05-06,144,EIRE,14156.0
552038,21164,HOME SWEET HOME METAL SIGN,2011-05-06,144,EIRE,14156.0
552038,20979,36 PENCILS TUBE RED RETROSPOT,2011-05-06,64,EIRE,14156.0
552262,16236,KITTY PENCIL ERASERS,2011-05-08,28,EIRE,14911.0
553203,22804,CANDLEHOLDER PINK HANGING HEART,2011-05-15,18,EIRE,14911.0
553206,71459,HANGING JAM JAR T-LIGHT HOLDER,2011-05-16,96,EIRE,14156.0
553206,84755,COLOUR GLASS T-LIGHT HOLDER HANGING,2011-05-16,144,EIRE,14156.0
553210,47566,PARTY BUNTING,2011-05-16,50,EIRE,14016.0
553210,22090,PAPER BUNTING RETROSPOT,2011-05-16,40,EIRE,14016.0
553348,23230,WRAP ALPHABET DESIGN,2011-05-16,200,EIRE,14911.0
553348,23232,WRAP VINTAGE PETALS  DESIGN,2011-05-16,200,EIRE,14911.0
C553516,22776,SWEETHEART CAKESTAND 3 TIER,2011-05-17,-2,EIRE,14911.0
C553532,23158,SET OF 5 LUCKY CAT MAGNETS,2011-05-17,-12,EIRE,14911.0
553535,85123A,WHITE HANGING HEART T-LIGHT HOLDER,2011-05-17,32,EIRE,null
553686,22197,SMALL POPCORN HOLDER,2011-05-18,72,EIRE,14911.0
C554539,85159B,"WHITE TEA,COFFEE,SUGAR JARS",2011-05-24,-4,EIRE,14911.0
554770,84077,WORLD WAR 2 GLIDERS ASSTD DESIGNS,2011-05-26,96,EIRE,14911.0
C554790,22961,JAM MAKING SET PRINTED,2011-05-26,-4,EIRE,14911.0
555650,23096,PETIT TRAY CHIC,2011-06-06,72,EIRE,14156.0
555947,47021G,SET/6 BEAD COASTERS GAUZE BAG GOLD,2011-06-08,34,EIRE,14911.0
555947,85123A,WHITE HANGING HEART T-LIGHT HOLDER,2011-06-08,32,EIRE,14911.0
555947,85227,SET OF 6 3D KIT CARDS FOR KIDS,2011-06-08,120,EIRE,14911.0
555947,22534,MAGIC DRAWING SLATE SPACEBOY,2011-06-08,192,EIRE,14911.0
555947,84226,HEN HOUSE W FAMILY IN BARN & NEST,2011-06-08,34,EIRE,14911.0
555947,35912B,WHITE/PINK CHICK DECORATION,2011-06-08,72,EIRE,14911.0
555947,35924,HANGING FAIRY CAKE DECORATION,2011-06-08,72,EIRE,14911.0
555947,35923,CANDY HEART HANGING DECORATION,2011-06-08,144,EIRE,14911.0
555947,85071B,RED CHARLIE+LOLA PERSONAL DOORSIGN,2011-06-08,96,EIRE,14911.0
555947,22090,PAPER BUNTING RETROSPOT,2011-06-08,40,EIRE,14911.0
555947,22089,PAPER BUNTING VINTAGE PAISLEY,2011-06-08,40,EIRE,14911.0
555947,20719,WOODLAND CHARLOTTE BAG,2011-06-08,100,EIRE,14911.0
555947,23204,CHARLOTTE BAG APPLES DESIGN,2011-06-08,100,EIRE,14911.0
555947,47566,PARTY BUNTING,2011-06-08,50,EIRE,14911.0
555947,21287,SCENTED VELVET LOUNGE CANDLE,2011-06-08,72,EIRE,14911.0
556060,22969,HOMEMADE JAM SCENTED CANDLES,2011-06-08,84,EIRE,14911.0
556060,22907,PACK OF 20 NAPKINS PANTRY DESIGN,2011-06-08,192,EIRE,14911.0
556060,22666,RECIPE BOX PANTRY YELLOW DESIGN,2011-06-08,72,EIRE,14911.0
556510,23310,BUBBLEGUM RING ASSORTED,2011-06-13,72,EIRE,14911.0
556927,21975,PACK OF 60 DINOSAUR CAKE CASES,2011-06-15,120,EIRE,14156.0
556927,23230,WRAP ALPHABET DESIGN,2011-06-15,100,EIRE,14156.0
556927,84991,60 TEATIME FAIRY CAKE CASES,2011-06-15,120,EIRE,14156.0
556927,21169,YOU'RE CONFUSING ME METAL SIGN,2011-06-15,240,EIRE,14156.0
556927,21977,PACK OF 60 PINK PAISLEY CAKE CASES,2011-06-15,120,EIRE,14156.0
556927,21166,COOK WITH WINE METAL SIGN,2011-06-15,240,EIRE,14156.0
556927,21787,RAIN PONCHO RETROSPOT,2011-06-15,144,EIRE,14156.0
556927,20979,36 PENCILS TUBE RED RETROSPOT,2011-06-15,128,EIRE,14156.0
556927,20685,DOORMAT RED RETROSPOT,2011-06-15,50,EIRE,14156.0
556927,23008,DOLLY GIRL BABY GIFT SET,2011-06-15,18,EIRE,14156.0
556927,21668,RED STRIPE CERAMIC DRAWER KNOB,2011-06-15,96,EIRE,14156.0
556927,21171,BATHROOM METAL SIGN,2011-06-15,96,EIRE,14156.0
556927,22418,10 COLOUR SPACEBOY PEN,2011-06-15,96,EIRE,14156.0
556927,22555,PLASTERS IN TIN STRONGMAN,2011-06-15,96,EIRE,14156.0
556927,21164,HOME SWEET HOME METAL SIGN,2011-06-15,72,EIRE,14156.0
556927,20754,RETROSPOT RED WASHING UP GLOVES,2011-06-15,72,EIRE,14156.0
556927,21908,CHOCOLATE THIS WAY METAL SIGN,2011-06-15,144,EIRE,14156.0
556927,82583,HOT BATHS METAL SIGN,2011-06-15,144,EIRE,14156.0
556927,82580,BATHROOM METAL SIGN,2011-06-15,150,EIRE,14156.0
556927,21790,VINTAGE SNAP CARDS,2011-06-15,72,EIRE,14156.0
556927,84992,72 SWEETHEART FAIRY CAKE CASES,2011-06-15,120,EIRE,14156.0
556928,23032,DOORKNOB CRACKED GLAZE IVORY,2011-06-15,144,EIRE,14156.0
556928,23028,DOORKNOB CRACKED GLAZE BLUE,2011-06-15,144,EIRE,14156.0
C557663,85169C,EAU DE NIL LOVE BIRD CANDLE,2011-06-21,-12,EIRE,null
C557663,85169A,IVORY LOVE BIRD CANDLE,2011-06-21,-12,EIRE,null
C557663,84879,ASSORTED COLOUR BIRD ORNAMENT,2011-06-21,-24,EIRE,null
C557663,84809A,WHITE CHRYSANTHEMUMS ART FLOWER,2011-06-21,-2,EIRE,null
C557663,84803B,WHITE ALLIUM  ARTIFICIAL FLOWER,2011-06-21,-3,EIRE,null
C557663,84798B,PURPLE FOXGLOVE ARTIIFCIAL FLOWER,2011-06-21,-4,EIRE,null
C557663,84692,BOX OF 24 COCKTAIL PARASOLS,2011-06-21,-25,EIRE,null
C557663,84380,SET OF 3 BUTTERFLY COOKIE CUTTERS,2011-06-21,-12,EIRE,null
C557663,22983,CARD BILLBOARD FONT,2011-06-21,-48,EIRE,null
C557663,22965,3 TRADITIONAl BISCUIT CUTTERS  SET,2011-06-21,-12,EIRE,null
C557663,22730,ALARM CLOCK BAKELIKE IVORY,2011-06-21,-9,EIRE,null
C557663,22726,ALARM CLOCK BAKELIKE GREEN,2011-06-21,-9,EIRE,null
C557663,22630,DOLLY GIRL LUNCH BOX,2011-06-21,-9,EIRE,null
C557663,22567,20 DOLLY PEGS RETROSPOT,2011-06-21,-9,EIRE,null
C557663,22503,CABIN BAG VINTAGE PAISLEY,2011-06-21,-6,EIRE,null
C557663,22411,JUMBO SHOPPER VINTAGE RED PAISLEY,2011-06-21,-12,EIRE,null
C557663,22312,OFFICE MUG WARMER POLKADOT,2011-06-21,-24,EIRE,null
C557663,22083,PAPER CHAIN KIT RETROSPOT,2011-06-21,-9,EIRE,null
C557663,21984,PACK OF 12 PINK PAISLEY TISSUES,2011-06-21,-36,EIRE,null
C557663,21980,PACK OF 12 RED RETROSPOT TISSUES,2011-06-21,-36,EIRE,null
C557663,21933,PINK VINTAGE PAISLEY PICNIC BAG,2011-06-21,-10,EIRE,null
C557663,21832,CHOCOLATE CALCULATOR,2011-06-21,-25,EIRE,null
C557663,21792,CLASSIC FRENCH STYLE BASKET GREEN,2011-06-21,-8,EIRE,null
C557663,21754,HOME BUILDING BLOCK WORD,2011-06-21,-9,EIRE,null
C557663,21340,CLASSIC METAL BIRDCAGE PLANT HOLDER,2011-06-21,-4,EIRE,null
C557663,21259,VICTORIAN SEWING BOX SMALL,2011-06-21,-4,EIRE,null
C557663,21212,PACK OF 72 RETROSPOT CAKE CASES,2011-06-21,-24,EIRE,null
C557663,21212,PACK OF 72 RETROSPOT CAKE CASES,2011-06-21,-48,EIRE,null
C557663,21121,SET/10 RED POLKADOT PARTY CANDLES,2011-06-21,-24,EIRE,null
C557663,21121,SET/10 RED POLKADOT PARTY CANDLES,2011-06-21,-24,EIRE,null
C557663,20725,LUNCH BAG RED RETROSPOT,2011-06-21,-12,EIRE,null
C557663,20718,RED RETROSPOT SHOPPER BAG,2011-06-21,-11,EIRE,null
C557663,20717,STRAWBERRY SHOPPER BAG,2011-06-21,-12,EIRE,null
C557663,20658,RED RETROSPOT LUGGAGE TAG,2011-06-21,-12,EIRE,null
C557663,15056N,EDWARDIAN PARASOL NATURAL,2011-06-21,-12,EIRE,null
C557663,47566,PARTY BUNTING,2011-06-21,-9,EIRE,null
558067,23124,18PC WOODEN CUTLERY SET DISPOSABLE,2011-06-24,32,EIRE,14156.0
558067,21232,STRAWBERRY CERAMIC TRINKET BOX,2011-06-24,72,EIRE,14156.0
558417,21908,CHOCOLATE THIS WAY METAL SIGN,2011-06-29,96,EIRE,14156.0
558417,82580,BATHROOM METAL SIGN,2011-06-29,100,EIRE,14156.0
558417,22489,PACK OF 12 TRADITIONAL CRAYONS,2011-06-29,72,EIRE,14156.0
558417,21790,VINTAGE SNAP CARDS,2011-06-29,72,EIRE,14156.0
558417,84991,60 TEATIME FAIRY CAKE CASES,2011-06-29,120,EIRE,14156.0
558417,21523,DOORMAT FANCY FONT HOME SWEET HOME,2011-06-29,30,EIRE,14156.0
558417,21524,DOORMAT SPOTTY HOME SWEET HOME,2011-06-29,30,EIRE,14156.0
558417,84978,HANGING HEART JAR T-LIGHT HOLDER,2011-06-29,108,EIRE,14156.0
558417,21877,HOME SWEET HOME MUG,2011-06-29,72,EIRE,14156.0
558417,21874,GIN AND TONIC MUG,2011-06-29,72,EIRE,14156.0
558417,21872,GLAMOROUS  MUG,2011-06-29,72,EIRE,14156.0
558417,21871,SAVE THE PLANET MUG,2011-06-29,72,EIRE,14156.0
558417,21833,CAMOUFLAGE LED TORCH,2011-06-29,144,EIRE,14156.0
558417,21756,BATH BUILDING BLOCK WORD,2011-06-29,18,EIRE,14156.0
558417,22604,SET OF 4 NAPKIN CHARMS CUTLERY,2011-06-29,64,EIRE,14156.0
558417,22728,ALARM CLOCK BAKELIKE PINK,2011-06-29,50,EIRE,14156.0
558417,22727,ALARM CLOCK BAKELIKE RED,2011-06-29,50,EIRE,14156.0
558417,21171,BATHROOM METAL SIGN,2011-06-29,96,EIRE,14156.0
558417,21786,POLKADOT RAIN HAT,2011-06-29,144,EIRE,14156.0
558417,21903,MAN FLU METAL SIGN,2011-06-29,144,EIRE,14156.0
558417,21668,RED STRIPE CERAMIC DRAWER KNOB,2011-06-29,96,EIRE,14156.0
558417,21787,RAIN PONCHO RETROSPOT,2011-06-29,144,EIRE,14156.0
558417,22985,WRAP BILLBOARD FONTS DESIGN,2011-06-29,100,EIRE,14156.0
558417,23232,WRAP VINTAGE LEAF DESIGN,2011-06-29,100,EIRE,14156.0
558613,23201,JUMBO BAG ALPHABET,2011-06-30,30,EIRE,14911.0
558613,23202,JUMBO BAG VINTAGE LEAF,2011-06-30,40,EIRE,14911.0
558644,84078A,SET/4 WHITE RETRO STORAGE CUBES,2011-07-01,18,EIRE,14156.0
558684,22740,POLKADOT PEN,2011-07-01,96,EIRE,14016.0
558684,16012,FOOD/DRINK SPONGE STICKERS,2011-07-01,72,EIRE,14016.0
558684,84827,ASS DES PHONE SPONGE CRAFT STICKER,2011-07-01,60,EIRE,14016.0
C559949,22699,ROSES REGENCY TEACUP AND SAUCER,2011-07-14,-2,EIRE,null
560036,23186,FRENCH STYLE STORAGE JAR CAFE,2011-07-14,96,EIRE,14911.0
560300,16259,PIECE OF CAMO STATIONERY SET,2011-07-18,108,EIRE,14911.0
560300,16045,POPART WOODEN PENCILS ASST,2011-07-18,100,EIRE,14911.0
560300,16216,LETTER SHAPE PENCIL SHARPENER,2011-07-18,80,EIRE,14911.0
560300,72741,GRAND CHOCOLATECANDLE,2011-07-18,9,EIRE,14911.0
560445,22548,HEADS AND TAILS SPORTING FUN,2011-07-19,72,EIRE,14156.0
560445,22492,MINI PAINT SET VINTAGE,2011-07-19,216,EIRE,14156.0
560445,20983,12 PENCILS TALL TUBE RED RETROSPOT,2011-07-19,96,EIRE,14156.0
560445,22711,WRAP CIRCUS PARADE,2011-07-19,200,EIRE,14156.0
560445,22048,BIRTHDAY BANQUET GIFT WRAP,2011-07-19,200,EIRE,14156.0
560445,23230,WRAP ALPHABET DESIGN,2011-07-19,200,EIRE,14156.0
560445,21485,RETROSPOT HEART HOT WATER BOTTLE,2011-07-19,72,EIRE,14156.0
560445,22111,SCOTTIE DOG HOT WATER BOTTLE,2011-07-19,72,EIRE,14156.0
560445,22112,CHOCOLATE HOT WATER BOTTLE,2011-07-19,72,EIRE,14156.0
560445,21984,PACK OF 12 PINK PAISLEY TISSUES,2011-07-19,96,EIRE,14156.0
560445,21980,PACK OF 12 RED RETROSPOT TISSUES,2011-07-19,96,EIRE,14156.0
560445,21983,PACK OF 12 BLUE PAISLEY TISSUES,2011-07-19,96,EIRE,14156.0
560445,22615,PACK OF 12 CIRCUS PARADE TISSUES,2011-07-19,96,EIRE,14156.0
560445,23205,CHARLOTTE BAG VINTAGE ALPHABET,2011-07-19,100,EIRE,14156.0
560445,22384,LUNCH BAG PINK POLKADOT,2011-07-19,100,EIRE,14156.0
560445,22652,TRAVEL SEWING KIT,2011-07-19,100,EIRE,14156.0
560445,20725,LUNCH BAG RED RETROSPOT,2011-07-19,100,EIRE,14156.0
560445,22637,PIGGY BANK RETROSPOT,2011-07-19,72,EIRE,14156.0
560445,22558,CLOTHES PEGS RETROSPOT PACK 24,2011-07-19,144,EIRE,14156.0
560445,21035,SET/2 RED RETROSPOT TEA TOWELS,2011-07-19,200,EIRE,14156.0
560445,21154,RED RETROSPOT OVEN GLOVE,2011-07-19,200,EIRE,14156.0
560445,21539,RED RETROSPOT BUTTER DISH,2011-07-19,54,EIRE,14156.0
560445,23299,FOOD COVER WITH BEADS SET 2,2011-07-19,100,EIRE,14156.0
560445,23298,SPOTTY BUNTING,2011-07-19,200,EIRE,14156.0
560445,22989,SET 2 PANTRY DESIGN TEA TOWELS,2011-07-19,100,EIRE,14156.0
560445,22993,SET OF 4 PANTRY JELLY MOULDS,2011-07-19,72,EIRE,14156.0
560445,21165,BEWARE OF THE CAT METAL SIGN,2011-07-19,192,EIRE,14156.0
560445,22671,FRENCH LAUNDRY SIGN BLUE METAL,2011-07-19,192,EIRE,14156.0
560445,22672,FRENCH BATHROOM SIGN BLUE METAL,2011-07-19,192,EIRE,14156.0
560445,22674,FRENCH TOILET SIGN BLUE METAL,2011-07-19,192,EIRE,14156.0
560445,22675,FRENCH KITCHEN SIGN BLUE METAL,2011-07-19,192,EIRE,14156.0
560445,71459,HANGING JAM JAR T-LIGHT HOLDER,2011-07-19,144,EIRE,14156.0
560445,22831,WHITE BROCANTE SOAP DISH,2011-07-19,144,EIRE,14156.0
560445,23124,18PC WOODEN CUTLERY SET DISPOSABLE,2011-07-19,80,EIRE,14156.0
560445,47566,PARTY BUNTING,2011-07-19,72,EIRE,14156.0
560445,22662,LUNCH BAG DOLLY GIRL DESIGN,2011-07-19,100,EIRE,14156.0
560445,22630,DOLLY GIRL LUNCH BOX,2011-07-19,64,EIRE,14156.0
560445,22631,CIRCUS PARADE LUNCH BOX,2011-07-19,64,EIRE,14156.0
560445,21914,BLUE HARMONICA IN BOX,2011-07-19,96,EIRE,14156.0
560445,21915,RED  HARMONICA IN BOX,2011-07-19,96,EIRE,14156.0
560446,23294,SET OF 6 SNACK LOAF BAKING CASES,2011-07-19,128,EIRE,14156.0
560446,23293,SET OF 12 FAIRY CAKE BAKING CASES,2011-07-19,128,EIRE,14156.0
560446,23297,SET 40 HEART SHAPE PETIT FOUR CASES,2011-07-19,240,EIRE,14156.0
