asin,product_name,brand_name,product_category,number_of_reviews,review_rating
B01ABXGZTK,Actiontec Wireless N ADSL Modem Router GT784WN-01,,pc,5,3.4
B0073GLGOS,"Audioquest Cinnamon RJ/E (Ethernet) Cable 0.75m (2'5"""")",,pc,11,4.9
B004ZG8N18,"Kicker KB6000 2-Way Full Range Indoor Outdoor Marine Speakers (Pair) | Weatherproof Patio, Sunroom, Garage, Poolside, in-Home | 6.5 inch woofer, 2x5 inch Horn Tweeter | Quick Mounting System | White",,pc,143,4.55
B01LYFKJR7,Samsung 960 EVO Series - 500GB NVMe - M.2 Internal SSD (MZ-V6E500BW),,pc,266,4.73
B01JNGCWHU,Samsung EVO+ 256GB UHS-I microSDXC U3 Memory Card with Adapter (MB-MC256DA/AM),,pc,302,4.4
B0073HDEXS,AudioQuest - RJ/E Vodka Ethernet (1.5m),,pc,7,3.57
B00VXW0J5A,Peerless Round Ceiling Plate Acc 570 - Mounting Component ( Ceiling Plate ) - Cold-rolled Steel - B,,pc,0,0
B01M5FSTXY,Seagate Skyhawk ST6000VX0023 6 TB Internal Hard Drive,,pc,1,5
B018F5AX1M,"Apple iPad Mini 4 128 GB Tablet - 7.9"""" - Retina Display - Wireless LAN - 4G A8 Dual-core (2 Core) 1.50 GHz - Silver",,pc,4,4.75
B072NCV4ZD,Corsair - Vengeance 2-Pack 8GB PC4-19200 DDR4 DIMM Unbuffered Non-ECC Desktop Memory Kit - Black ( CMU16GX4M2A2400C16 ),,pc,2,5
B06X3X3FVL,"HP 15-AY103DX15.6"""" HD Touchscreen Laptop, 7th Gen Intel Kaby Lake Dual Core i5-7200U 2.5Ghz CPU, 8GB DDR4 RAM, 1TB HDD, DVDRW, USB 3.1, HDMI, WIFI, Webcam, Rj-45, Windows 10 Home",,pc,37,3.64
B079B9BF3V,EVGA - NVIDIA GeForce GTX 1080 8GB GDDR5X PCI Express 3.0 Graphics Card - Black/silver,,pc,1,5
B01GM8ZQES,"Lenovo High Performance 11.6-Inch ThinkPad Yoga Convertible IPS Touchscreen Laptop (Intel Celeron Quad-Core Processor, 4GB RAM, 128GB SSD, 802.11AC, Bluetooth, Webcam, HDMI, Windows 10)",,pc,2,3
B00D8GKFUS,"Apple iPad 3 Retina Display Tablet 32GB, Wi-Fi, White (Renewed)",,pc,111,3.34
B00836LXRW,NETGEAR ProSafe GS116 16 Port Gigabit Desktop Switch - switch - 16 ports - desktop (GS116NA) -,,pc,1,5
B010ARSM8Y,WESTERN DIGITAL WD2000F9YZ 3.5 2TB 7200RPM SATA NAS 5 yr factory warranty,,pc,0,0
B073WQ51JQ,"Asus Q534UX 2-in-1 - 15.6"""" 4K Touch - i7-7500U - NVIDIA GTX950M - 16GB - 2TB HDD+512GB SSD",,pc,0,0
B01M8OKROA,"Acer Aspire R 15 R5-571TG-78G8-15.6"""" FHD Touch - 7th Gen i7-7500U - 940MX - 12GB - 1TB",,pc,2,4
B00KWZF2J2,"NETGEAR GS116E-200NAS / NETGEAR ProSafe Plus GS116Ev2 - Switch - unmanaged - 16 x 10/100/1000 - desktop, wall-mountable",,pc,0,0
B0773ZF7Z9,"SteelSeries Arctis 7 Lag-Free Wireless Gaming Headset with DTS Headphone:X 7.1 Surround for PC, PlayStation 4, VR, Mac and Wired for Xbox One, Android and iOS - Black (Renewed)",,pc,66,3.98
B015Z1DYP6,"Lenovo Flex 3 11.6"""" TouchScreen 2-in-1 Laptop PC - Intel Celeron processor N2840 / 4GB DDR3L / 500GB HD / HD Webcam / HDMI / WiFi / Bluetooth 4.0 / Windows 10",,pc,5,2.8
B01NCOOFGO,"HP Envy 34"""" Curved QHDAll-in One Desktop PC (1TB HD/256GB SSD/Ash Silver)",,pc,62,3.96
B01H1BLHYS,Nvidia GeForce GTX 1070 Founders Edition,,pc,38,4.63
B06XFZ7RQN,"Asus ROG Strix GL502VM 15.6inch G-SYNC VR Ready Laptop : Core i7-7700HQ, NVidia GTX 1060, 12GB RAM, 1TB HDD, 15.6inch Full HD GSYNC Display",,pc,1,3
B071RCNXXZ,"HP 15.6"""" HD Touchscreen Laptop Computer PC, 7th Gen Intel Kaby Lake Dual Core i5-7200U 2.5Ghz CPU, 8GB DDR4 RAM, 1TB HDD, DVDRW, USB 3.1, HDMI, WIFI, Webcam, Rj-45, Windows 10 Home",,pc,42,3.11
B00C2AMK2M,"LG Electronics 8X USB 2.0 Super Multi Ultra Slim Portable DVD Rewriter External Drive with M-DISC Support for PC and Mac, Black (GP60NB50)",,pc,1831,4.11
B005HOWN0E,"NETGEAR ProSAFE 16-Port Gigabit Ethernet Switch, GS116",,pc,0,0
B00F0EIKJO,Western Digital 4Tb 5400Rpm 64Mb Sata 6 Gb/S - Wd Caviar Red,,pc,0,0
B0747SKNJL,"SteelSeries Arctis 7 Lag-Free Wireless Gaming Headset with DTS Headphone:X 7.1 Surround for PC, PlayStation 4, VR, Mac and Wired for Xbox One, Android and iOS - Black (Certified Refurbished)",,pc,26,4.3
B00D8GK5F8,"Apple iPad MC707LL/A (64GB, Wi-Fi, Black) 3rd Generation (Renewed)",,pc,156,3.25
B016YJXOHQ,"VIEWSONIC VG939SM 19 INCH 5:4 LED DISPLAY,FULLY ERGONOMIC,1280X1024,20M:1 MEGA DCR",,pc,0,0
B01MAVWLED,"Lenovo - Yoga 710 2-in-1 80V6000PUS 11.6"""" Touch-Screen Laptop - Intel 7th Generation Core i5-7Y54-8GB Memory - 128GB Solid State Drive - Silver",,pc,56,3.64
B016YKDOFW,CORSAIR CMY32GX3M4A1600C9,,pc,0,0
B00AQO19KK,NETGEAR ProSafe GS116 16-port Gigabit Ethernet Switch 16 x 10/100/1000Base-T / GS116NA /,,pc,1,5
B0073HCWO0,"Audioquest Vodka RJ/E (Ethernet) Cable 0.75M (2'6"""")",,pc,9,4
B00H5WI8BY,Visiontek - 8GB DDR3 CL11 1600 Black Label,,pc,0,0
B074T8F5D9,"2017 ASUS VivoBook Max X541SA 15.6?? HD Laptop PC, Intel Quad Core Pentium N3710 Processor up to 2.56 GHz, 4GB RAM, 500GB HDD, Intel HD Graphics, Bluetooth, HDMI, DVD/CD burner, Windows 10 Home",,pc,36,2.72
B00PHA71Y6,"Asus VE278Q 27"""" 1920x1080 2ms 10,000,000:1 LED Backlight wide LCD monitor",,pc,0,0
B0073H05MG,AudioQuest RJ/E Cinnamon Ethernet (1.5m),,pc,16,3.68
B005XMNFWU,Actiontec GT784WN DSL Modem/Wireless Router - No Filters,,pc,2,3
B00HFBNNV0,BUFFALO HD-LX3.0TU3 3TB DriveStation Axis Velocity,,pc,0,0
B00PUEZP6A,Jensen Jta-410-R Portable 3-Speed Stereo Turntable With Built-In Speakers (Red),,pc,0,0
B00IG0JOBW,VISIONTEK 900667 / 8 GB (1 x 8 GB) - DDR3 SDRAM - 1600 MHz DDR3-1600/PC3-12800 - 240-pin / Black Label,,pc,0,0
B00C8JG0YQ,TP-Link TL-WDN4800 Wireless-N900 Dual Band PCI-Express Adapter,,pc,5,3.2
B01GATSH9U,NVIDIA GEFORCE GTX 1080 FOUNDERS EDITION,,pc,15,3.13
B00L1FLSKE,4TB Network NAS HDD SATA,,pc,0,0
B003S68Q0Y,Cooler Master HAF X - Full Tower Computer Case with USB 3.0 Ports and Windowed Side Panel (RC-942-KKN1),,pc,285,4.58
B00SBC130U,sennheiser tv/hifi RS175 digital wireless surround sound headphones,,pc,0,0
B00OY50CZU,The BEST PEERLESS-AV Ceiling Plate W/ Cbl Mgmt,,pc,0,0
B06WGPNGC2,"Dell XPS 13 9365 2-in-1 - 13.3"""" FHD Touch - i7-7Y75 - 16GB Ram - 256GB SSD - Silver",,pc,6,3.16
B06ZY63J8H,"Lenovo Ideapad 100S-14 - 14"""" HD - Intel Celeron N3060 - 2GB Memory - 32GB eMMC - Blue",,pc,18,3.38
B06Y54TK2B,XFX AMD Radeon RX 580 8GB GDDR5 PCI Express 3.0 Graphics Card,,pc,4,3.5
B00NVMNKK6,"Western Digital WD10EZEX WD Blue - Hard drive - 1 TB - internal - 3.5 inch - SATA 6Gb/s - 7200 rpm - buffer: 64 MB - for My Cloud EX2, EX4",,pc,1,4
B009F4E35U,Actiontec Wireless N ADSL Modem Router,,pc,0,0
B00MUHYRTG,Fugoo Tough,,pc,0,0
B005PKPTB0,Wacom pen tablet options Wireless Kit ACK-40401,,pc,64,4.03
B00LP687H6,"Sparepart: Sony SD card - Expert, cl10 UHS-I R94-64GB, SF64UX2 (R94-64GB)",,pc,0,0
B00E7QB8AO,StarTech.com ST121UTPEP VGA to Cat 5 Monitor Extender Kit (250ft/80m) - VGA Cat5 Extender,,pc,0,0
B06ZYB7TZ1,"XFX RX-580P8DFWR GTR Radeon RX 580 8GB XXX Edition 1366 Mhz OC, 1386Mz Boost Overclock Graphics Core GDDR5 White LED Hardswap Replacement Fan Technology with 3 x DP 1 x HDMI 1 x DVI PCI-E Video Card",,pc,12,4.16
B00H288CVW,ASUS PA248Q - PA248Q 24 IPS 1920x1200 LED VGA DVI DP HDMI USB Swivel Pivot Height Adjust Black 3 year Warranty,,pc,1,5
B00KSVXVXO,"Turtle Beach - Ear Force Recon 320 Gaming Headset - Dolby 7.1 Surround Sound - PC, Mobile Devices",,pc,153,3.13
B0088PUEPK,"WD Blue 1TB PC Hard Drive - 7200 RPM Class, SATA 6 Gb/s, 64 MB Cache, 3.5"""" - WD10EZEX",WD,pc,8544,4.5
B017K605ZQ,"WD 3TB My Passport X for Xbox One Portable External Hard Drive, USB 3.0 - WDBCRM0030BBK-NESN",WD,pc,95,4.04
B01AWH05GE,WD 8TB My Cloud EX2 Ultra Network Attached Storage - NAS - WDBVBZ0080JCH-NESN,WD,pc,149,3.59
B01DOL05OC,WD Black 1TB Performance Mobile Hard Disk Drive - 7200 RPM SATA 6 Gb/s 32MB Cache 9.5 MM 2.5 Inch - WD10JPLX,WD,pc,482,4.49
B01H33VQDG,WD Red Pro 8TB 3.5-Inch SATA III 7200rpm 128MB Cache NAS Internal Hard Drive (WD8001FFWX),WD,pc,33,4.45
B076CTK55W,WD 4TB My Cloud Home Personal Cloud Storage - WDBVXC0040HWT-NESN,WD,pc,208,2.68
B00TB8XNEC,WD 24TB  My Cloud EX4100 Expert Series 4-Bay Network Attached Storage - NAS - WDBWZE0240KBK-NESN,WD,pc,26,4.26
B008JJLZ7G,"WD Red 2TB NAS Hard Drive - 5400 RPM Class, SATA 6 Gb/s, 64 MB Cache, 3.5"""" - WD20EFRX",WD,pc,984,4.52
B00CYSYZTS,WD SE 2TB Datacenter Hard Disk Drive - 7200 RPM SATA 6 Gb/s 64MB Cache 3.5 Inch - WD2000F9YZ,WD,pc,60,4.6
B00EHBERSE,WD Red 4TB NAS Hard Disk Drive - 5400 RPM Class SATA 6 Gb/s 64MB Cache 3.5 Inch - WD40EFRX,WD,pc,1406,4.38
B00GI2UR6Q,"AOC e970swn 18.5-Inch LED-Lit Monitor, 1366 x768 Resolution, 5ms, 20M:1 DCR, VGA, VESA",AOC,pc,113,4
B00CMKOVMO,AOC e1659Fwu 15.6-Inch Ultra Slim 1366x768 Res 200 cd/m2 Brightness USB 3.0-Powered Portable LED Monitor w/ Case,AOC,pc,1931,3.45
B01MZE8HXN,"MSI WS63 7RK-280US 15.6"""" Professional Workstation Laptop Core i7-7700HQ Quadro P3000 16GB 256GB SSD NVMe + 2TB, Aluminum Black",MSI,pc,2,3.5
B01N7WMKJT,"MSI WE72 7RJ-1032US 17.3"""" Professional Workstation Laptop Core i7-7700HQ Quadro M2200 32GB 512GB SSD, Aluminum Black",MSI,pc,8,4.37
B06XSMW4SC,"MSI GP62MVRX Leopard Pro-661 15.6"""" 94%NTSC Thin and Light Gaming Laptop GTX 1060 3G Core i7-7700HQ 16GB 256GB NVMe SSD + 1TB Full Color Keyboard",MSI,pc,9,3.77
B012ASAWNE,PNY Performance 8GB DDR3 1600MHz (PC3-12800) CL11 Desktop Memory - MD8GSD31600NHS,PNY,pc,11,4.18
B012ASB0WG,PNY Performance 8GB Kit (2x4GB) DDR3 1600MHz (PC3-12800) CL11 Desktop Memory - MD8GK2D31600NHS-Z,PNY,pc,35,4.28
B012ASF1WQ,PNY Anarchy 16GB Kit (2x8GB) DDR4 2400MHz (PC4-19200) CL15 Desktop Memory (Blue) - MD16GK2D4240015AB,PNY,pc,19,3.68
B012DSZKV0,PNY Anarchy 16GB Kit (2x8GB) DDR3 1866MHz (PC3-14900) CL10 Desktop Memory (Blue) - MD16GK2D3186610AB,PNY,pc,18,4.55
B014X4U076,"Asus MG278Q 27"""" WQHD 1440P 144Hz 1ms Eye Care G-Sync Compatible Adaptive Sync Gaming Monitor with Dual HDMI DP DVI",ASUS,pc,124,4.08
B009HNEBLK,"ASUS VS278Q-P 27"""" Full HD 1920x1080 1ms DisplayPort HDMI VGA Monitor",ASUS,pc,856,4.06
B01B9HBP4C,"Acer Aspire E 15, 15.6""""HD, Intel Core i5-6200U, 4GB DDR3L, 1TB HDD, Windows 10, E5-574-53QS",Acer,pc,71,3.8
B01CMYGAGY,"Acer Chromebook 15, 15.6-inch Full HD, Intel Celeron 3205U, 4GB DDR3L, 16GB SSD, Chrome, CB5-571-C4G4",Acer,pc,125,4.16
B01M1NU1SN,"Acer Predator Desktop, Intel Core i7, GeForce GTX 1070, 16GB DDR4, 512GB SSD, 2TB HDD, Win 10, G1-710-70004",Acer,pc,4,4.5
B0043T34RK,"ASUS VE278Q 27"""" Full HD 1920x1080 2ms DisplayPort HDMI DVI VGA Monitor",Asus,pc,583,4.2
B0053T4PHC,Bose Companion 20 Multimedia Speaker System,Bose,pc,537,4.38
B0733VW5QB,Alienware 25 Gaming Monitor - AW2518H,Dell,pc,155,4.27
B01NBX1Q2T,"Dell P2418HT 23.8"""" Touch Monitor - 1920X1080 LED-LIT, Black",Dell,pc,62,4.43
B00VWVZ0V0,Dell USB DVD Drive-DW316,Dell,pc,1408,4.32
B06XVDYHQX,Dell XPS 8920 XPS8920-7529SLV-PUS Tower Desktop (Silver),Dell,pc,20,3.85
B016CYV6AU,Leef iAccess MicroSD Card Reader with Lightning Connector for iOS,LEEF,pc,134,3.26
B00X140B06,Sony 64GB Class 10 UHS-1 SDXC up to 70MB/s Memory Card (SF64UY2/TQ),Sony,pc,258,4.53
B00X140GW4,Sony 64GB High Speed Class 10 UHS-1 Micro SDXC up to 95MB/s Memory Card (SR64UXA/TQ),Sony,pc,44,3.9
B00X1404T4,Sony 32GB Class 10 UHS-1/U3 SDHC up to 94MB/s Memory Card (SF32UX2/TQ)[NEWEST VERSION],Sony,pc,97,4.44
B00X140BEW,Sony 64GB Class 10 UHS-1/U3 SDXC up to 94MB/s Memory Card (SF64UX2/TQ)[NEWEST VERSION],Sony,pc,119,4.67
B00P7TQQZM,"ZAGG Rugged Book Durable Case, Hinged with Detachable Backlit Keyboard for iPad Air 2 - Black",ZAGG,pc,842,3.62
B006TVQU6C,"Antec Gaming Series ONE Mid-Tower PC/Gaming Computer Case with 10 Drive Bays, 120mm Fans x 2 Pre-Installed, 120/140mm Fan Mounts, USB 3.0 x 2, 7 PCI-E Slots, Max CPU Cutout for ATX, M-ATX and Mini-ITX",Antec,pc,150,3.92
B00VU2NHVG,Apple USB-C VGA Multiport Adapter,Apple,pc,69,4.3
B01MQ2MPOF,Apple MNF72LL/A 61W USB-C Power Adapter,Apple,pc,86,3.62
B071WLXMNL,"Apple MacBook Pro (13-inch, Touch Bar, 3.1GHz Intel Core i5 Dual Core, 8GB RAM, 512GB  SSD) Silver (Previous Model)",Apple,pc,11,4.18
B071JNN1YB,"Apple iMac (27 Retina 5K display, 3.5GHz quad-core Intel Core i5, 8GB RAM, 1TB) - Silver (Previous Model)",Apple,pc,19,4.31
B072QGJNVC,"Apple MacBook (12-inch, 1.3GHz dual-core Intel Core i5, 8GB RAM, 512GB SSD) - Rose Gold (Previous Model)",Apple,pc,14,3.92
B072JW4Z9S,"Apple iMac (21.5 Retina 4K display: 3.4GHz quad-core Intel Core i5, 8GB RAM, 1TB Fusion Drive) - Silver  (Previous Model)",Apple,pc,30,4.36
B002P8PZV4,"DENAQ 8-Cell 75Whr/5200mAh Replacement Li-Ion Laptop Battery for HP Pavilion DV7, DV7-1000, DV7-1100, DV8, DV8-1000, HDX, HDX X18, HDX X18-1000; Part: DQ-HSTNN-IB75",Denaq,pc,0,0
B002P9DFRY,"DENAQ 76W, 19.5V, 3.9A, 6.0mm-4.4mm AC Adapter for SONY PCG FX103, FX105, FX108, FX109, FX11, FX120, FX140, FX150, FX170, FX190, FX200, FX201, FX202, FX203, FX205, FX209, FX210, FX215, FX220, FX240, FX250, FX270, FX290, FX300, FX301, FX302, FX310, FX33, FX340, FX370, FX390, FX401, FX403, FX404, FX405, FX501, FX502, FX503, FX505, FX50G, FX55, FX601, FX602, FX604, FX605, FX60G, FX60K, FX701, FX702,",Denaq,pc,0,0
B002P9GP62,"DENAQ 60W, 19V, 3.16A, 5.5mm-2.5mm AC Adapter for TOSHIBA Dynabook(SS425); TOSHIBA Satellite(1000, 1000-S157, 1000-S158, 1000-Z2, 1005, 1005-S157, 1005-S158, 1100, 1100-A210, 1100-DDR, 1100-S101, 1100-S1105, 1105, 1105-1110, 1105-S101, 1200, 1200-S121, 1200-S122, 1200-S252, 1600, 1605, 1620, 1620CDS, 1625, 1640, 1640CDT, 1670, 1670CDS, 1675, 1690, 1690CDT, 1695, 1700, 1710, 1715, 1730, 1730CDT, 17",Denaq,pc,1,4
B002P9KR5W,"DENAQ 75W, 19V, 3.95A, 5.5mm-2.5mm AC Adapter for TOSHIBA Satellite 1100, TOSHIBA Satellite 1105, TOSHIBA Satellite 1110, TOSHIBA Satellite 1115, TOSHIBA Satellite 1130, TOSHIBA Satellite 1135, TOSHIBA Satellite 1900, TOSHIBA Satellite 1905, TOSHIBA Satellite 2430, TOSHIBA Satellite 2435, TOSHIBA Satellite A100, TOSHIBA Satellite A105, TOSHIBA Satellite M40X, TOSHIBA Satellite M60, TOSHIBA Satelli",Denaq,pc,0,0
B002P9DJKM,"DENAQ 120W, 19V, 6.3A, 5.5mm-2.5mm AC Adapter for TOSHIBA SATELLITE A135, TOSHIBA SATELLITE A305D, TOSHIBA SATELLITE A35, TOSHIBA SATELLITE A60, TOSHIBA SATELLITE A65, TOSHIBA SATELLITE A70, TOSHIBA SATELLITE A75, TOSHIBA SATELLITE P10, TOSHIBA SATELLITE P200, TOSHIBA SATELLITE P205, TOSHIBA SATELLITE P205D, TOSHIBA SATELLITE P30, TOSHIBA SATELLITE P35; TOSHIBA SATELLITE PRO A30; Part: DQ-PA3290U-",Denaq,pc,1,5
B00GMPDAAO,"Kanto 2 Channel Powered PC Gaming Desktop Speakers – 3"""" Composite Drivers 3/4"""" Silk Dome Tweeter – Class D Amplifier - 100 Watts - Built-in USB DAC - Subwoofer Output - YU2GB (Gloss Black)",Kanto,pc,18,4.44
B00GMPDAHM,"Kanto 2 Channel Powered PC Gaming Desktop Speakers – 3"""" Composite Drivers 3/4"""" Silk Dome Tweeter – Class D Amplifier - 100 Watts - Built-in USB DAC - Subwoofer Output - YU2MB (Matte Black)",Kanto,pc,37,4.29
B00PK2POOU,Razer Leviathan: Dolby 5.1 Suround Sound - Bluetooth aptX Technology - Dedicated Powerful Subwoofer for Deep Immersive Bass - PC Gaming and Music Sound Bar,Razer,pc,284,3.95
B01NAYL9H2,Razer Blade Pro 17: Gaming Laptop - 4K Touchscreen - ULP Mechanical Keyboard - Intel Quad-Core Overclocked i7-7820HK - NVIDIA GeForce GTX 1080 – DDR4 32GB RAM - 1TB NVMe - Windows 10 - CNC Aluminum,Razer,pc,31,2.64
B01DPS4QQ2,"Razer ManO'War: Wireless 7.1 Surround Sound - 2.4 GHz Wireless Technology - Quick Action Controls - Unidirectional Retractable Mic - Gaming Headset Works with PC, PS4, & Xbox One",Razer,pc,711,3.01
B00J8740YI,Razer BlackShark Over Ear Noise Isolating PC Gaming Headset - Metal Construction and Compatible with PS4,Razer,pc,209,4.1
B01LWOKH7C,"RAZER KRAKEN PRO V2: Lightweight Aluminum Headband - Retractable Mic - In-Line Remote - Gaming Headset Works with PC, PS4, Xbox One, Switch, & Mobile Devices - Black",Razer,pc,142,3.92
B01798WKTY,"Razer Naga Chroma - Ergonomic RGB MMO Gaming Mouse- 12 Programmable Thumb Buttons & 16,000 Adjustible DPI",Razer,pc,951,3.68
B075KMZ4MX,Razer Cynosa Chroma Gaming Keyboard: Customizable Chroma RGB Lighting - Individually Backlit Keys - Spill-Resistant Design - Programmable Macro Functionality,Razer,pc,628,4.07
B01N9SSQ9E,"Razer Blade 14"""" Thin & Light Gaming Laptop - Full HD - Intel Core i7-7700HQ - NVIDIA GeForce GTX 1060 - 16GB RAM - 512GB SSD - Windows 10 - VR Ready - CNC Aluminum",Razer,pc,139,3.47
B00PAZ07GC,Thule Vectors 13” MacBook Pro with Retina Display ONLY Bumper in Black,Thule,pc,210,3.77
B006MRAVFE,Wacom Wireless Accessory Kit for Bamboo and Intuos Tablets (ACK40401),Wacom,pc,1374,4.1
B071FJ4NFF,"Wacom CS610PK Bamboo Sketch, CS-610PK (fine tip Stylus by, Natural Sketching on iPad and iPhone), Black",Wacom,pc,74,3.29
B079HL9YSF,"Wacom CTL4100 Intuos Graphics Drawing Tablet with 3 Bonus Software included, 7.9""""x 6.3"""", Black",Wacom,pc,474,4.09
B01M2TRTNL,"Belkin Thunderbolt 3 Dock w/ 2.6ft Thunderbolt 3 Cable (Thunderbolt Dock for MacBook Pro models  from 2016 or later, includes the 2018 version), Dual 4K @60Hz, 40Gbps Data Transfer Speeds)",Belkin,pc,51,2.86
B00BWHILCY,"Belkin QODE Ultimate Keyboard Case for iPad 2 (2011 model), iPad 3rd Gen and iPad 4th Gen (Black) (F5L149ttBLK)",Belkin,pc,1075,4.03
B077ZGRY9V,"HyperX Cloud Flight - Wireless Gaming Headset, with Long Lasting Battery Up to 30 hours of Use, Detachable Noise Cancelling Microphone, Red LED Light, Bass, Comfortable Memory Foam, PS4, PC, PS4 Pro",HyperX,pc,781,3.94
B0799NH2MP,IOGEAR Wireless HD 1080P HDMI Screen Sharing and Miracast TV Streaming Video Audio Extender,IOGEAR,pc,11,2.72
B0771WSK46,"IOGEAR USB-C 4-in-1 4K Multi-Port Adapter, GUH3C3PD",IOGEAR,pc,0,0
B00BGRML08,Kicker Front Row (12 ZXDSP1) 6-Ch Digital Signal Processor,Kicker,pc,15,4.46
B01MDOH1NO,Lenovo IdeaCentre 510-23ISH F0CD002WUS 23-Inch All-in-One Desktop,Lenovo,pc,0,0
B01N0BZWQP,"Lenovo Yoga Mouse, Silver, Ultra Slim 13.5mm, 180 Degree rotatable Hinge, 2.4G or Bluetooth 4.0 Wireless Connection, Multilayer Adaptive touchpad, Rechargeable Battery, GX30K69568",Lenovo,pc,123,3.73
B01I7TTI3A,"Lenovo Yoga Mouse, Black, Ultra slim 13.5mm, 180 degree rotatable hinge, 2.4G or Bluetooth 4.0 wireless connection, Multilayer adaptive touchpad, Rechargeable battery, GX30K69565",Lenovo,pc,99,3.87
B0195XYZY4,"Lenovo ideacentre F0BV001CUS 20"""" Desktop (Black)",Lenovo,pc,3,4.66
B074MJHTRS,Lenovo Flex 11 Chromebook 11.6-Inch HD IPS Touch Panel (1366x768) MTK 8173c 4GB 32GB Chrome - ZA270025US,Lenovo,pc,76,3.77
B009AEMB6I,Lenovo 45W Computer Charger - Slim Tip AC Adapter (888014197),Lenovo,pc,64,3.68
B00OLU11DA,Buffalo PoE Smart 24 Port Business Switch (BS-GS2024P),Buffalo,pc,4,4.75
B0143UM4TC,Corsair Vengeance LPX 16GB (2x8GB) DDR4 DRAM 3200MHz C16 Desktop Memory Kit - Black (CMK16GX4M2B3200C16),Corsair,pc,736,4.57
B0134EW7G8,Corsair Vengeance LPX 16GB (2x8GB) DDR4 DRAM 3000MHz C15 Desktop Memory Kit - Black (CMK16GX4M2B3000C15),Corsair,pc,1507,4.53
B0085IWXB8,Corsair CMZ16GX3M2A1600C9 Vengeance 16GB (2x8GB) DDR3 1600 MHz (PC3 12800) Desktop Memory 1.5V,Corsair,pc,78,4.66
B01MYDTC2C,CORSAIR iCUE Lighting Node PRO RGB Lighting Controller,Corsair,pc,172,4.16
B06ZXY5XMW,CORSAIR Vengeance RGB 32GB (4x8GB) DDR4 3466MHz C16 Desktop Memory - Black,Corsair,pc,4,4
B01LA0R2X6,"Corsair CO-9050067-WW HD Series, HD120 RGB LED, 120mm High Performance RGB LED PWM Three Fans with Controller",Corsair,pc,164,4.19
B01LA2LB7W,"CORSAIR Crystal 460X RGB Compact Mid-Tower Case, 3 RGB Fans, Tempered Glass - Black",Corsair,pc,207,4.31
B071RYZRJD,CORSAIR VENGEANCE RGB 16GB (2x8GB) DDR4 3200MHz C16 Desktop Memory - Black,Corsair,pc,97,4.56
B0134EW44S,Corsair Vengeance LPX 32GB (2x16GB) DDR4 DRAM 2666MHz (PC4-21300) C16 Memory Kit - Black,Corsair,pc,148,4.46
B01G5I6MSE,"Corsair ML140 Pro LED, White, 140mm Premium Magnetic Levitation Cooling Fan CO-9050046-WW",Corsair,pc,94,4.43
B019MRBKYG,Corsair Memory Kit 16GB DDR4 2400MHz SODIMM Memory (CMSX16GX4M2A2400C16),Corsair,pc,198,4.7
B00A0HZMEM,"CORSAIR AX Series, AX760, 760 Watt, 80+ Platinum Certified, Fully Modular Power Supply",Corsair,pc,132,4.33
B01L3J23L0,"Corsair Gaming Void Surround Gaming Headset, Carbon (CA-9011146-NA)",Corsair,pc,32,3.03
B01HKF3T8C,CORSAIR VENGEANCE LED 16GB (2x8GB) DDR4 3000MHz C15 Desktop Memory - Red LED,Corsair,pc,98,4.33
B019EXSSBG,"CORSAIR Hydro Series H100i v2 AIO Liquid CPU Cooler, 240mm Radiator, Dual 120mm PWM Fans, Advanced RGB Lighting and Fan Software Control",Corsair,pc,1478,3.74
B0748N6796,CORSAIR Void PRO RGB Wireless Gaming Headset - Dolby 7.1 Surround Sound Headphones for PC - Discord Certified - 50mm Drivers - Carbon,Corsair,pc,1438,3.79
B00D6E5JMQ,Corsair CMY32GX3M4A1600C9 Vengeance Pro 32GB (4x8GB) DDR3 1600 MHz (PC3 12800) Desktop 1.5V,Corsair,pc,44,4.65
B01LZ2SET7,CORSAIR MM800 Polaris RGB Mouse Pad - 15 RGB LED Zones - USB Passthrough - High-Performance Mouse Pad Optimized for Gaming Sensors,Corsair,pc,367,4.45
B0196QNBU4,Corsair Vengeance LPX 32GB (2x16GB) DDR4 DRAM 2133MHz (PC4 17000) C13 Memory Kit - Black,Corsair,pc,35,4.51
B00A0HZNDW,"CORSAIR AXi Series, AX860i, 860 Watt, 80+ Platinum Certified, Fully Modular - Digital Power Supply",Corsair,pc,218,3.74
B00D2LGRLK,Corsair CMY16GX3M2A1600C9B Vengeance Pro Series Blue 16GB (2x8GB) DDR3 1600 MHZ (PC3 12800) Desktop Memory 1.5V,Corsair,pc,37,4.7
B009KY58FE,HP x4000b Bluetooth Mouse - Matte Black,HP Inc.,pc,703,3.85
B01DT48WZS,Linksys AC1900 Gigabit Range Extender / WiFi Booster / Repeater MU-MIMO (Max Stream RE7000),Linksys,pc,616,3.78
B07195Z2BW,"Linksys High Speed DOCSIS 3.0 24x8 AC1900 Cable Modem Router, Certified for Xfinity by Comcast and Spectrum by Charter (CG7500)",Linksys,pc,150,3.32
B01M981YYL,"NETGEAR CM700 (32x8) DOCSIS 3.0 Gigabit Cable Modem. Max download speeds of 1.4Gbps. Certified for XFINITY by Comcast, Time Warner Cable, Charter & more (CM700)",NETGEAR,pc,854,4.07
B01M12RE4A,"NETGEAR Nighthawk X10 Smart WiFi Router (R9000) - AD7200 Wireless Speed (up to 7200 Mbps) for 60Ghz WiFi Devices | Up to 2500 sq ft Coverage | 6 x 1G Ethernet, 1 x 10G SFP+, and 2 USB ports",NETGEAR,pc,2093,4.35
B072LZZZXB,"NETGEAR Nighthawk X6S AC4000 Tri-band WiFi Router, Gigabit Ethernet, MU-MIMO, Compatible with Amazon Echo/Alexa (R8000P)",Netgear,pc,969,4.05
B00GG1AC7I,"NETGEAR 16-Port Gigabit Ethernet Smart Managed Plus Switch (GS116E) - Desktop, and ProSAFE Limited Lifetime Protection",Netgear,pc,91,4.13
B073JHHNJ9,Netgear Nighthawk AC1900 Wi-Fi USB Adapter (A7000-10000S),Netgear,pc,669,4.2
B01B5CTRGE,"NETGEAR Powerline 1000 Mbps WiFi, 802.11ac, 1 Gigabit Port (PLW1000-100NAS)",Netgear,pc,68,3.89
B01HTAPPJE,"NETGEAR High-Speed Broadband DSL Modem (DM200-100NAS). Compatible with CenturyLink, Verizon, and Frontier)",Netgear,pc,351,3.52
B075XGZ6GL,NETGEAR Cable Modem with Voice CM500V - For Xfinity by Comcast Internet & Voice | Supports Cable Plans Up to 300 Mbps | 2 Phone lines | DOCSIS 3.0,Netgear,pc,310,4.24
B071J24FNY,NETGEAR WiFi Router (R6080) - AC1000 Dual Band Wireless Speed (up to 1000 Mbps) | Up to 1000 sq ft Coverage & 15 devices | 4 x 10/100 Fast Ethernet ports,Netgear,pc,668,4.4
B0111MRL4S,"NETGEAR Nighthawk AC1900 VDSL/ADSL Modem Router Certified with CenturyLink - Non-bonded, DSL Internet Only (D7000)",Netgear,pc,556,4
B008YGI7WK,Pistol Case | Pelican P1075 Slim Profile Pistol Case (Black),Pelican,pc,61,4.37
B00HIUL1JO,Sabrent Ultra-Portable Weatherproof Wireless Bluetooth Speaker for Outdoor/Indoor 10 Hours Rechargeable Battery (SP-BYTA),Sabrent,pc,37,4.16
B00M8ABHVQ,SanDisk Ultra II 960GB Solid State Drive (SDSSDHII-960G-G25),SanDisk,pc,817,4.22
B01NB1IJ7J,SanDisk Extreme 500 Portable SSD 500GB SDSSDEXT-500G-G25,SanDisk,pc,50,3.86
B01N6Y18ZM,SanDisk Ultra II 500GB SATA III SSD - 2.5-Inch 7mm Height Solid State Drive - SDSSDHII-500G-G25,SanDisk,pc,131,4.58
B00KHRYRLY,"SanDisk Extreme PRO-Series Solid State Drive SDSSDXPS-480G-G25 (2.5"""", SATA Revision 3.0, 6Gb/s 480GB Storage)",SanDisk,pc,482,4.75
B072R78B6Q,"SanDisk Ultra 3D NAND 500GB Internal SSD - SATA III 6 Gb/s, 2.5 Inch /7 Millimeter, Up to 560 MB/s - SDSSDH3-500G-G25",SanDisk,pc,389,4.63
B01N1862SW,SanDisk Ultra II Solid State Drive 1TB (SDSSDHII-1T00-G25),SanDisk,pc,65,4.53
B07621PNWC,"SanDisk SSD PLUS 120GB Internal SSD - SATA III 6 Gb/s, 2.5""""/7mm, Up to 530 MB/s - SDSSDA-120G-G27",SanDisk,pc,284,4.44
B00V5Q1N1I,SanDisk High Endurance Video Monitoring Card with Adapter 64GB (SDSDQQ-064G-G46A),SanDisk,pc,655,4.45
B00ITCHY50,Sandisk Extreme Pro - Flash Memory Card - 32 GB - SDHC UHS-II (SDSDXPB-032G-A46),Sandisk,pc,59,4.47
B00H3HEUYK,Sandisk Extreme CompactFlash Memory Card - 64 GB (SDCFXS-064G-A46),Sandisk,pc,106,4.33
B00YT6AAA6,Sandisk Extreme Pro - Flash Memory Card - 64 GB - SDXC UHS-II (SDSDXPB-064G-A46),Sandisk,pc,35,4.45
B01LXF3C7Z,"Seagate Backup Plus Portable 5TB External Hard Drive HDD Ãƒ Silver USB 3.0 for PC Laptop and Mac, 2 Months Adobe CC Photography (STDR5000101)",Seagate,pc,304,4.09
B0195XZJ9E,"Seagate Backup Plus Ultra Slim 2TB Portable External Hard Drive, USB 3.0 Platinum + 2mo Adobe CC Photography (STEH2000100)",Seagate,pc,255,3.86
B01BV13S7S,Seagate Game Drive for Xbox 4TB External Hard Drive Portable HDD – Designed for Xbox One (STEA4000402),Seagate,pc,647,4.49
B01M00UHV8,"Seagate Backup Plus Portable 5TB External Hard Drive HDD – Blue USB 3.0 for PC Laptop and Mac, 2 Months Adobe CC Photography (STDR5000102)",Seagate,pc,251,4.34
B017NT96P0,Spartan Duo Duplicator USB Flash Memory to 3 Disc Duplicator / Media Converter with Select Source Key Button D903-SSP,Spartan,pc,0,0
B002HRE10Y,Spartan Edge 1 to 1 Target Single DVD/CD Disc Copy Tower Duplicator with 24x Writer Burner (Standalone Video & Audio Back-Up Duplication System) D01-SSP,Spartan,pc,2,3
B00TQEX7AQ,TP-Link Archer Archer T9E IEEE 802.11ac - Wi-Fi Adapter for Desktop Computer,TP-LINK,pc,874,3.67
B01NAYKWR9,"Kasa AC750 Wi-Fi Range Extender Smart Plug by TP-Link - Fast AC750 Wi-Fi Extender/Repeater with Built-In Smart Plug, No Hub Required, Works With Alexa and Google Assistant (RE270K)",TP-Link,pc,66,3.59
B010Q29KRK,"TP-Link AV500 2-Port Powerline Starter Kit, Up to 500Mbps (TL-PA4026 KIT)",TP-Link,pc,594,4.2
B007GMPZ0A,TP-LINK TL-WDN4800 Dual Band Wireless N900 PCI Express Adapter,TP-Link,pc,3138,4.25
B00A121WN6,TP-Link 8 Port Gigabit Ethernet Network Switch | Ethernet Splitter | Sturdy Metal w/ Shielded Ports | Plug-and-Play | Traffic Optimization | Unmanaged (TL-SG108),TP-Link,pc,1961,4.65
B013JPKT9O,Toshiba 2TB Desktop 7200rpm Internal Hard Drive,Toshiba,pc,111,4.04
B009E6J1BU,"(Old Model) Toshiba 3TB SATA 6Gb/s 7200rpm 3.5"""" Inte",Toshiba,pc,84,4.04
B01N6JQS8C,"Kingston 120GB A400 SATA 3 2.5"""" Internal SSD SA400S37/120G - HDD Replacement for Increase Performance",Kingston,pc,1283,4.56
B075322GR3,"Logitech iPad Pro 12.9 inch Keyboard Case | SLIM COMBO with Detachable, Backlit, Wireless Keyboard and Smart Connector (Black) For 1st and 2nd generation",Logitech,pc,468,3.8
B00DR8LA6U,Logitech Ultrathin Touch Mouse T630 for Windows 8 Touch Gestures,Logitech,pc,1034,3.76
B0188WORDM,"Logitech Logi Focus Protective Case with Integrated Keyboard for iPad Mini 4, Dark Blue",Logitech,pc,25,3
B071VK5KXN,"Logitech MX Anywhere 2S Wireless Mouse – Use On Any Surface, Hyper-Fast Scrolling, Rechargeable, Control up to 3 Apple Mac and Windows Computers and laptops (Bluetooth or USB), Graphite",Logitech,pc,1130,4.11
B072DWQTK3,Logitech iPad Slim Folio: Case with Wireless Keyboard with Bluetooth (Black) - iPad 5th and 6th generation (2018 release),Logitech,pc,304,3.11
B00VUK4R08,"Logitech Keys-To-Go Ultra-Portable Bluetooth Keyboard for Android and Windows, Black",Logitech,pc,59,4.11
B00LVA3NMU,"StarTech.com Dual Monitor USB 3.0 Docking Station w/ DVI to VGA & HDMI Adapters, 5x USB 3.0 & Audio - Vertical DVI Dock for Mac & Windows (USB3SDOCKDD)",StarTech,pc,76,3.42
B004NBZ98K,Actiontec 300 Mbps Wireless-N ADSL Modem Router (GT784WN),Actiontec,pc,2583,3.62
B01NCOOYYX,"Alienware AW13R3-7420SLV-PUS 13.3"""" Gaming Laptop (7th Generation Intel Core i7, 16GB RAM, 512 SSD, Silver) VR Ready with NVIDIA GTX 1060",Alienware,pc,17,3.17
B01N5I1WF9,"Alienware AW15R3-7376SLV-PUS 15.6"""" Gaming Laptop (7th Generation Intel Core i7, 16GB RAM, 128SSD + 1 TB HDD, Silver) VR Ready with NVIDIA GTX 1070",Alienware,pc,19,3.47
B005DBAODY,Eco-Style Sports Voyage Backpack (EVOY-BP17),Eco Style,pc,1,2
B0787JFGWM,Hauppauge 1657 WinTV-dualHD Cordcutter Dual USB 2.0 TV Tuner for Nvidia Shield and Windows PC,HAUPPAUGE,pc,36,3.94
B00SOXNA0C,LifeProof NÜÜD iPad Mini/Mini 2/Mini 3 Waterproof Case - Retail Packaging - BLACK,Lifeproof,pc,27,3.44
B00UBGU4PY,"Microsoft Universal Foldable Keyboard for iPad, iPhone, Android devices, and Windows tablets",Microsoft,pc,364,4.17
B0168YIWSI,Microsoft Surface Pro Type Cover with Fingerprint ID (Black),Microsoft,pc,351,4.43
B014W20C90,Microsoft Wireless Comfort Desktop 5050 (PP4-00001),Microsoft,pc,702,3.74
B072FG8LBV,Microsoft Arc Mouse (ELG-00001) Black,Microsoft,pc,483,3.88
B00JQXT82I,Transcend 480GB JetDrive 420 SATA III SSD Upgrade Kit for MacBook (TS480GJDM420),Transcend,pc,46,4.86
B009F1HUMQ,"ViewSonic VX2270SMH-LED 22"""" IPS 1080p Frameless LED Monitor HDMI, DVI, VGA",ViewSonic,pc,321,4.17
B007Z92RIW,Case Logic 14-Inch Security Friendly Laptop Case (ZLCS-214),Case Logic,pc,359,4.57
B00AHU2QH8,Case Logic Case for Laptop,Case Logic,pc,0,0
B01936N73I,Kensington Expert Wireless Trackball Mouse (K72359WW),Kensington,pc,758,3.65
B00BFOEY4I,Logitech 981-000541 G230 Stereo Gaming Headset with Mic,Logitech G,pc,3252,3.79
B01KUAMCWI,Logitech G403 Wireless Gaming Mouse with High Performance Gaming Sensor,Logitech G,pc,393,3.95
B07B2WLS17,Logitech G560 LIGHTSYNC PC Gaming Speakers with Game Driven RGB Lighting,Logitech G,pc,221,3.66
B00Z0UWV98,Logitech G920 Dual-Motor Feedback Driving Force Racing Wheel with Responsive Pedals for Xbox One,Logitech G,pc,860,3.92
B0148NPJ78,"Logitech G933 Artemis Spectrum – Wireless RGB 7.1 Dolby and DTS Headphone Surround Sound Gaming Headset – PC, PS4, Xbox One, Switch, and Mobile Compatible – Advanced Audio Drivers – Black",Logitech G,pc,2543,3.21
B072BY1H95,"Logitech G433 7.1 Wired Gaming Headset with DTS Headphone: X 7.1 Surround for PC, PS4, PS4 PRO, Xbox One, Xbox One S, Nintendo Switch – Triple Black",Logitech G,pc,166,3.82
B01BDAYKEM,"CybertronPC Rhodium GTX Gaming Desktop - AMD FX-6300 3.50GHz Hexa-Core Processor, 16GB DDR3 Memory, NVIDIA GeForce GTX 950 (2 GB GDDR5 SDRAM) Graphics, 802.11ac Wireless, 2TB HDD, DVDRW, Windows 10",CybertronPC,pc,75,4.2
B016YGMH9U,SteelSeries Siberia 800 Lag-Free Wireless Gaming Headset with OLED Transmitter and Dolby 7.1 Surround Sound,SteelSeries,pc,436,3.47
B01LYNEIEI,SteelSeries Arctis 7 Lag-Free Wireless Gaming Headset - Black (Discontinued by Manufacturer),SteelSeries,pc,1382,3.64
B00B6A8N3O,Thermaltake Smart 650W 80+ Bronze ATX 12V 2.4/EPS 12V 2.92 Power Supply SP-650PCBUS,Thermaltake,pc,52,3.76
B00NNS5MNQ,"G-Technology 6TB G-DRIVE USB 3.0 Desktop External Hard Drive, Silver - Compact, High-Performance Storage - 0G03674",G-Technology,pc,96,3.6
B01JHN5BZE,"G-Technology 10TB G-Drive with Thunderbolt and USB 3.0 Desktop External Hard Drive, Silver - 0G05024",G-Technology,pc,2,2
B000P9VHOO,StarTech.com 2 Port PCI IDE Controller Adapter Card (PCIIDE2),StarTech.com,pc,28,3.85
B00ZC3S72I,Turtle Beach Ear Force Stealth 450 Fully Wireless PC Gaming Headset with DTS Headphone:X 7.1 Surround Sound,Turtle Beach,pc,819,3.59
B003OESTP2,Cooler Master HAF X - Full Tower Computer Case with USB 3.0 Ports and Windowed Side Panel (RC-942-KKN1),Cooler Master,pc,4,4.75
B00OWAZUB8,Cooler Master SIL-352M-KKN1 Silencio 352 Silent Mini Tower Computer Case,Cooler Master,pc,69,4.15
B01LTHXAOK,"Apple MacBook Pro MNQF2LL/A 13-inch Laptop with Touch Bar, 2.9GHz dual-core Intel Core i5, 512GB, Retina Display, Space Gray (Discontinued by Manufacturer)",Apple Computer,pc,43,3.97
B01LTHXA7C,"Apple MacBook Pro MLH42LL/A 15-inch Laptop with Touch Bar, 2.7GHz quad-core Intel Core i7, 512GB, Retina Display, Space Gray (Discontinued by Manufacturer)",Apple Computer,pc,46,3.82
B01EIUJPS0,"Apple MacBook MMGM2LL/A 12-Inch Laptop with Retina Display, Rose Gold, 512 GB (Discontinued by Manufacturer)",Apple Computer,pc,31,3.93
B00OTWXJNK,"Apple MH332LL/A iPad Air 2 9.7-Inch (128GB, Tri-Core Apple A8X CPU with M8 Chip, Wi-Fi + Cellular)",Apple Computer,pc,69,4.31
B01LTHXA72,"Apple MacBook Pro MLH32LL/A 15-inch Laptop with Touch Bar, 2.6GHz quad-core Intel Core i7, 256GB, Retina Display, Space Gray (Discontinued by Manufacturer)",Apple Computer,pc,59,4.08
B00746UJBS,"Apple iPad MD329LL/A (32GB, Wi-Fi, White) 3rd Generation",Apple Computer,pc,209,4.33
B018TEVTJO,"Apple iPad mini 4 (16GB, Wi-Fi + Cellular, Space Gray)",Apple Computer,pc,12,4.91
B00746UR2E,"Apple iPad MC707LL/A (64GB, Wi-Fi, Black) 3rd Generation",Apple Computer,pc,311,4.41
B006EB6L0M,"Speck Products SeeThru Case for MacBook Pro, 13-Inch, Clear - Not for Retina Macbook",Speck Products,pc,71,4.14
B01N6SKK1G,"ARRIS Surfboard Gigabit Docsis 3.1 Cable Modem, 10 Gbps Max Speed, Approved for Cox, and Xfinity. (SB8200)",ARRIS SURFboard,pc,861,3.71
B06XDGWKSB,"ARRIS Surfboard (24x8) Docsis 3.0 Cable Modem Plus AC1750 Dual Band Wi-Fi Router and Xfinity Telephone, Certified for Comcast Xfinity Only (SVG2482AC)",ARRIS SURFboard,pc,720,4.02
B01LQQHKZY,"WD 6TB My Book Desktop External Hard Drive, USB 3.0 - WDBBGB0060HBK-NESN",Western Digital,pc,291,3.78
B00DQ4D7AW,"Western Digital 3.5-Inch 7200 RPM SATA 6 Gb/s 64 MB Cache 1 TB Desktop Hard Drive, Blue (WD10EZEX)",Western Digital,pc,15,3.86
B016ATD48O,"URBAN ARMOR GEAR UAG Microsoft Surface Pro 6/Surface Pro 5th Gen (2017)/Surface Pro 4 Feather-Light Rugged [Black] Aluminum Stand Military Drop Tested Case, Also Compatible with Surface Pro 7",URBAN ARMOR GEAR,pc,655,4.28
B007QQ4638,"NZXT Phantom 410 Mid Tower Computer Case, Gunmetal with Black Trim (CA-PH410-G1)",NZXT Technologies,pc,174,4.51
B006I2H04I,"NZXT Phantom 410 Computer Case , White (CA-PH410-W1)",NZXT Technologies,pc,304,4.63
B01FTX7LU4,"Diamond GC1500 HD Video Capture/Game Box Recorder for Windows, Mac, PS3/PS4, Xbox360/XBox One, and WiiU",Diamond Multimedia,pc,28,2.64
B01A1F3V7W,"MOTOROLA 8x4 343 Mbps DOCSIS 3.0 N300 Cable Modem with Wi-Fi Gigabit Router, Model MG7310, Certified by Comcast, Charter Spectrum, Time Warner, Cox, BrightHouse, More",Motorola Solutions,pc,511,3.48
B00T37R8NI,"VisionTek Products 8GB DDR3 1600 MHz (PC3,12800) CL11 DIMM, Desktop Memory - 900667",VisionTek Products,pc,4,3.75
B01LXS4TYB,Samsung 960 PRO NVMe M.2 512GB SSD (MZ-V6P512BW),Samsung Electronics,pc,387,4.64
B073H552FJ,Samsung T5 Portable SSD - 1TB - USB 3.1 External SSD (MU-PA1T0B/AM),Samsung Electronics,pc,611,4.54
B00TGIW1XG,Samsung 850 EVO - 500GB - M.2 SATA III Internal SSD (MZ-N5E500BW),Samsung Electronics,pc,601,4.68
B01LYFKX41,Samsung 960 EVO Series - 250GB PCIe NVMe - M.2 Internal SSD (MZ-V6E250BW),Samsung Electronics,pc,952,4.69
B0118LR9Z8,Samsung Evo Plus mc128d 128gb Uhs-i Class 10 Micro SD Card with Adapter,Samsung Electronics,pc,1137,4.29
B01M20VBU7,Samsung 960 EVO 500GB Solid State Drive (MZ-V6E500BW) m.2 NVMe,Samsung Electronics,pc,462,4.69
B01LYRCIPG,Samsung 960 PRO Series - 1TB PCIe NVMe - M.2 Internal SSD (MZ-V6P1T0BW) Starters Bundle,Samsung Electronics,pc,131,4.58
B06VSWQDHJ,"Samsung Galaxy Tab S3 Keyboard Cover, Grey (EJ-FT820USEGUJ)",Samsung Electronics,pc,362,4.1
B010QD6W9I,Samsung 850 EVO 2TB 2.5-Inch SATA III Internal SSD (MZ-75E2T0B/AM),Samsung Electronics,pc,125,4.58
B0781Z7Y3S,Samsung 860 EVO 500GB 2.5 Inch SATA III Internal SSD (MZ-76E500B/AM),Samsung Electronics,pc,3241,4.78
B00LF10KTO,Samsung 850 PRO - 512GB - 2.5-Inch SATA III Internal SSD (MZ-7KE512BW),Samsung Electronics,pc,1339,4.7
B00LF10KTE,Samsung 850 PRO - 1TB - 2.5-Inch SATA III Internal SSD (MZ-7KE1T0BW),Samsung Electronics,pc,568,4.61
B01BXDYYIQ,"kate spade new york Sleeve for 13"""" MacBook, 13"""" Laptop - Rose Gold Glitter",kate spade new york,pc,43,4.76
B0046AJJW0,Vinpower Digital Econ-S3T-DVD-BK Econ Series 1 to 3 Target 24 x DVD CD Disc Duplicator Tower SATA Optical Drives - Black,Vinpower Digital Inc.,pc,2,3.5
B00OLZCD5K,Pioneer Electronics USA Slim External Blu Ray Drive BDR-XD05S Silver,Pioneer Electronics USA,pc,401,3.85
B00C8VD4A2,Russound Acclaim 5B65S 150 W RMS Speaker - 2-way - White,,home,0,0
B07CL41CVB,"PYLE(R) Pyle Plts78dub 7"""" Single-Din In-Dash Dvd Receiver With Motorized Fold-Out Touchscreen & Bluetooth",,beauty,0,0
B076GXSLM5,Boyo Hd Bar Type License Plate Camera,,beauty,0,0
B003H42W70,4pk 120-Min Hi8 Tape W/ Hangta B,,beauty,1,5
B076H1WXSP,Sandisk(r) Sdcfxs-064g-A46 Extreme(r) Compactflash(r) Memory Card (64gb),,beauty,0,0
B0176PGVW2,Canon PowerShot G5 X 20.2MP Digital Camera (Black) with 32GB SD Accessory Bundle,,camera,2,3.5
B00SZI41E0,SKB 1SKB-AV8 | 19inch AV Shelf for 8 Space Audio Video Retractable Shelf,,camera,0,0
B00APQJROO,Panasonic Leather Case for most of Lumix Slim camera models (Black),,camera,91,3.12
B0781QP3MF,Peak Design Ash Slide Camera Strap SL-AS-3 (Ash),,camera,122,4.83
B00H7RB29W,"GoPro Skeleton Housing (Hero3/Hero3+ Only) One Color, One Size",,camera,32,4.62
B004GBFVA8,"Polaroid 65"""" Pro Carbon Fiber Tripod With Removeable Ballhead Includes Deluxe Tripod Carrying Case For Digital Cameras & Camcorders",,camera,10,3.2
B00BIR2GO2,Sony Cyber-Shot DSC-WX220 18.2 MP Digital Camera with 2.7-Inch LCD (Black) with Sony 32GB and Accessory Bundle,,camera,219,4.42
B015CZ6DO4,Peak Design SlideLITE SLL-1 Camera Strap for Mirrorless Camera (Black),,camera,264,4.59
B0781QV3H4,Peak Design Black Slide Camera Strap SL-BK-3 (Black),,camera,209,4.73
B00M17R1UM,"Hoya Evo Antistatic UV Filter - 77mm - Dust / Stain / Water Repellent, Low-Profile Filter Frame",,camera,6,4.66
B00U3TQVGU,Lowepro Adventura SH 140 II - A Protective and Compact Shoulder Bag for a DSLR or DJI Spark,,camera,35,4.05
B0112SOCUM,Sigma 340101 35mm F1.4 DG HSM Lens for Canon (Black)(Renewed),,camera,5,4.2
B014R2BHBM,"GEKO E1008G E100 Full HD 1080P Dash Cam - Car DVR Dashboard Camera Video Recorder with Night Vision, Parking Monitor, G-Sensor, Free 8GB Micro SD Card",GEKO,camera,112,3.35
B074WC9YKL,JOBY GorillaPod 3K Kit. Compact Tripod 3K Stand and Ballhead 3K for Compact Mirrorless Cameras or Devices up to 3K (6.6lbs). Black/Charcoal.,Joby,camera,414,4.17
B002FGTWOC,JOBY GorillaPod SLR Zoom. Flexible Tripod with Ballhead Bundle for DSLR and Mirrorless Cameras Up To 3kg. (6.6lbs).,Joby,camera,1428,4.41
B01G6BIN8C,Mevo - Live Event Camera for select Android and iOS devices- Black,Mevo,camera,203,3.52
B00FRDV06I,Sony a7 Full-Frame Mirrorless Digital Camera with 28-70mm Lens,Sony,camera,149,4.26
B00MHPAF38,Sony a5100 16-50mm Mirrorless Digital Camera with 3-Inch Flip Up LCD (White),Sony,camera,113,4.24
B06WLGFWGX,"Sony SEL85F18 85mm F/1.8-22 Medium-Telephoto Fixed Prime Camera Lens, Black",Sony,camera,224,4.84
B01MCRBY4X,"Sony Cyber-Shot DSC-RX100 V 20.1 MP Digital Still Camera with 3"""" OLED, flip Screen, WiFi, and 1” Sensor DSCRX100M5/B",Sony,camera,151,3.96
B0000632H2,Sony Hi8 Camcorder 8mm Cassettes 120 Minute (4-Pack) (Discontinued by Manufacturer),Sony,camera,188,4.65
B01M586Y9R,"Sony Alpha a6500 Mirrorless Digital Camera w/ 2.95"""" LCD (Body Only)",Sony,camera,157,4.57
B00FSB749Q,Sony BC-TRW W Series Battery Charger,Sony,camera,322,4.71
B00ENZRQH8,Sony SELP18105G E PZ 18-105mm F4 G OSS,Sony,camera,329,4.48
B01BESR5KO,Sony FE 85mm f/1.4 GM Lens,Sony,camera,70,4.5
B00R1COCVI,Sony HDR-AS200V/W Action Cam with Wi-Fi & GPS,Sony,camera,65,3.95
B01BESQYJW,Sony SEL2470GM E-Mount Camera Lens: FE 24-70 mm F2.8 G Master Full Frame Standard Zoom Lens,Sony,camera,107,4.47
B009OZVIS0,Sony BCTRX  Battery Charger for X/G/N/D/T/R and K Series Batteries (Black),Sony,camera,202,4.38
B006IJHK9Q,Bower The Digital Professional LED Kit for Photo and Video (120 Bulb) VL15K,Bower,camera,13,4.15
B003Z96GS8,"Bower SFD328 Digital Automatic Shoe-Mount Slave Flash for Canon, Minolta, Nikon, Olympus, Pentax, Sony and Samsung (Black)",Bower,camera,2,4
B010EC58EQ,LOREX LZV2722B Add-On 1080p Camera for Mpx DVRs,LOREX,camera,3,3.66
B006TAP096,Nikon AF S NIKKOR 85mm f/1.8G Fixed Lens with Auto Focus for Nikon DSLR Cameras,Nikon,camera,651,4.82
B00A35X6NU,Sigma 35mm F1.4 Art DG HSM Lens for Canon,Sigma,camera,320,4.31
B01JUFV0YK,Tenba Messenger DNA 15 Slim Bag - Graphite (638-481),Tenba,camera,13,4.53
B01JUFV0X6,Tenba Messenger DNA 15 Slim Bag - Cobalt (638-483),Tenba,camera,5,4.2
B01G95INDK,"360Fly 4K VR Capable Action Video Camera Professional Camcorder, Black (360Fly 4K)",360Fly,camera,122,3.58
B0719RW67Z,"D-Link WiFi Security Camera HD, Mini Indoor, 2-Pack, Cloud Recording, Motion Detection and Night Vision, Works with ALEXA (DCS-8000LH/2PK-US)",D-Link,camera,102,3.53
B01ATFIHSM,"PAPAGO Car Dash Camera GoSafe S30 Full HD Dash Cam 1080P Car DVR with GPS Option, SONY EXMOR SENSOR, Night Vision, Free 8GB Micro SD Card GSS308G",PAPAGO,camera,8,4.25
B000JC5T82,Universal World-wide Travel Adapter,Sunpak,camera,23,3.21
B00004ZCH6,Tiffen 72mm Neutral Density 0.9 Filter,Tiffen,camera,26,4.11
B00J92ZYJM,Lowepro Dashpoint AVC 1 Camera Bag - Galaxy Blue,Lowepro,camera,5,4.6
B0043D2L8O,Lowepro S&F Slim Lens Pouch 75 AW,Lowepro,camera,14,4.42
B00W8T2DPQ,Lowepro Pro Runner BP 450 AW II DSLR Camera Backpack Case (Black),Lowepro,camera,36,4.69
B01C4AB804,Lowepro Photo Hatchback BP 150 AW II Camera Case (Black/Gray),Lowepro,camera,31,4.67
B013MC8H2A,"Lowepro Slingshot Edge 250 AW - A Secure, Slim, Smart and Protective Sling for a Compact DSLR or DJI Mavic Pro/Mavic Pro Platinum",Lowepro,camera,193,4.4
B000YA33DC,Lowepro Flipside 300 DSLR Camera Backpack,Lowepro,camera,460,4.53
B005KJH8WO,"Olympus M.Zuiko Digital ED 40-150mm F4.0-5.6 R Zoom Lens, for Micro Four Thirds Cameras (Silver)",Olympus,camera,141,4.5
B071RSJGXZ,"Olympus TG-5 Waterproof Camera with 3-Inch LCD, Red",Olympus,camera,254,3.79
B0031RGEVS,Olympus SP-800UZ 14MP Digital Camera with 30x Wide Angle Dual Image Stabilized Zoom and 3.0 inch LCD (Old Model),Olympus,camera,177,3.86
B0711C1R4X,"Olympus TG-5 Waterproof Camera with 3-Inch LCD, Black",Olympus,camera,84,3.67
B00J38NVHE,Samsung SNH-P6410BN SmartCam HD Pro 1080p Full-HD Wi-Fi Camera,Samsung,camera,1080,3.32
B01DLLU1AI,"SkyBell SH02300BZ HD WiFi Video Doorbell, Bronze",SkyBell,camera,631,2.81
B01645FHFC,"Logitech Circle Wireless HD Video Battery Powered Security Camera with 2-Way Talk, Works with Alexa (1 Pack, Black)",Logitech,camera,254,3.54
B0719LZMYG,"Logitech Circle 2 Indoor/Outdoor Wireless Home Security Camera Works with Alexa & Google Assistant with Easy Setup, 1080p HD, 180° Wide-Angle, Night Vision, 2-Way Talk, Alerts, Free 24-Hours Storage",Logitech,camera,104,2.43
B001J6N11E,Digipower TC-2000C Dual Battery Charger for Use with Canon Cameras Including EOS Digital Rebel Series and PowerShot G Series (Gray),DIGIPOWER,camera,4,4.5
B00FSW5HB2,Energizer ENG-N5100 Battery Grip for Nikon D5100/D5200/D5300/D3100/D3200 DSLRs (Black),Energizer,camera,1,3
B00XC4UQ46,LUMIMUSE 6 LED Light and Accessories - Black,Manfrotto,camera,14,4.42
B00H36U69Y,"PANASONIC LUMIX G LENS, 42.5MM, F1.7 ASPH., MIRRORLESS MICRO FOUR THIRDS, POWER OPTICAL I.S., H-HS43K (USA BLACK)",Panasonic,camera,76,4.75
B01M050N05,"PANASONIC LUMIX G85 4K Digital Camera, 12-60mm Power O.I.S. Lens, 16 Megapixel Mirrorless Camera, 5 Axis In-Body Dual Image Stabilization, 3-Inch Tilt and Touch LCD, DMC-G85MK (Black)",Panasonic,camera,112,4.5
B01A60SYDI,"PANASONIC LUMIX G Leica DG Vario-Elmar Professional Lens, 100-400MM, F4.0-6.3 ASPH, MIRRORLESS Micro Four Thirds, Power Optical I.S, H-RS100400 (USA Black)",Panasonic,camera,61,3.93
B014RD6RC0,"Panasonic Lumix G Lens, 25mm, F1.7 ASPH, Mirrorless Micro Four Thirds, H-H025K (USA Black)",Panasonic,camera,308,4.66
B00X409PQS,"PANASONIC LUMIX G7 4K Digital Camera, with LUMIX G VARIO 14-42mm MEGA O.I.S. Lens, 16 Megapixel Mirrorless Camera, 3-Inch LCD, DMC-G7KK (Black)",Panasonic,camera,171,4.39
B004TA72CQ,Manfrotto MB SSB-4BB BELLA IV Shoulder Bag (Black),Mambo Press,camera,7,4.42
B00OY5UMD2,Peak Design CapturePRO Camera Clip,Peak Design,camera,331,4.31
B00ZZ4HX1K,Zmodo ZM-SH75D001-WA 720p HD Mini WiFi Camera with Two-Way Audio and Remote Monitoring,GameDay Gear,camera,858,3.7
B001MS6OM2,GoPro Roll Bar Mount (GoPro Official Mount),GoPro Camera,camera,373,4.42
B00VAJBG8A,"Motorola FOCUS85-B Wi-Fi HD Home Monitoring Camera with Remote Pan, Tilt and Zoom (Black)",Motorola Home,camera,51,3.41
B002NEGTSI,Canon EF 100mm f/2.8L IS USM Macro Lens for Canon Digital SLR Cameras,Canon Cameras US,camera,594,4.9
B00NI3CSIS,Canon Battery Pack LP-E6N,Canon Cameras US,camera,638,4.57
B00NOZ1EI0,Canon Battery Pack NB-13L,Canon Cameras US,camera,251,4.65
B0167Q0VP4,Canon PowerShot G5 X Digital Camera w/ 1 Inch Sensor and Built-in viewfinder - Wi-Fi & NFC Enabled (Black),Canon Cameras US,camera,75,4.14
B00472OBBQ,Sigma EF-610 DG ST Electronic Flash for Sony Digital SLR Cameras,Sigma Corporation,camera,24,3.45
B00SNLCV6Y,Alpine Spr-60 6.5-Inch 2 Way Pair of Car Speakers,,sports,2,5
B00N6UW3J2,"Fusion 4"""" 2-Way Salon Style Marine Box Speakers 100W Max",,sports,0,0
B0116IQQNO,ISIMPLE ISBC01 BluClik(TM) Bluetooth(R) Remote Control with Steering Wheel & Dash Mounts,,wireless,0,0
B01MDJDLXX,Kicker 43CSC44 CSC4 4-Inch Coaxial Speakers - 4-Ohm,,wireless,31,4.7
B00I4D2YBI,"Kicker 41DSC44 4"""" 2-Way Speaker Pair",,wireless,174,4.53
B003GFXYNG,Alpine PDXM12 1200W Mono RMS Digital Amplifier,,wireless,27,4.92
B00OZDVKF2,Grace Digital Audio - ECOXBT Orange Waterproof Speaker w/ BT,,wireless,0,0
B00871XF3S,Alpine KTP-445U Universal Power Pack Amplifier,,wireless,10,5
B076XLLCQC,Samsung Galaxy Note 8 N950 Factory Unlocked Phone 64GB Midnight Black (Renewed),,wireless,433,3.89
B0713WFN5M,Sony MDR-1000X/C Wireless Bluetooth Noise Cancelling Hi-Fi Headphones (Renewed),,wireless,24,3.83
B004THAWHG,"Alpine SPS-610C 6-1/2"""" Component 2-Way Type-S Speaker System",,wireless,236,4.37
B077XQ5W4K,Samsung Radiant360 R1 Wi-Fi/Bluetooth Speaker WAM1500/ZA - Black (Renewed),,wireless,14,4.21
B00MKJ69JU,Alpine HCE-C125 Rear View Camera,,wireless,6,4.66
B01MR0UGFN,"Kicker Bullfrog BF400 Bluetooth Portable Outdoor Speaker | 360° Sound Waterproof Dustproof Powerful 20 Watt AMP 3"""" Full Range Speakers (2) | 3""""x4"""" Passive Bass Radiator | 100 FT Wireless Range",,wireless,37,4.78
B01M019XCQ,ZTE Warp 7 - Retail Packaging (Boost Mobile) - Carrier Locked -,,wireless,77,4.01
B00U90HMUC,Kenwood KDC-HD262U CD Receiver with Built-in HD Radio,,wireless,112,4.24
B076F94VK9,JBL Inspire 700 In-Ear Wireless Sport Headphones with Charging Case (Black),,wireless,9,2.77
B00RZURDSU,"Kenwood PKG-MR362BT Marine CD Receiver with Bluetooth and 6.5"""" 2 Way Speakers Package",,wireless,9,4.66
B0051BS28A,"Kicker KB6000 2-Way Full Range Indoor Outdoor Marine Speakers (Pair) | Weatherproof Patio, Sunroom, Garage, Poolside, In-Home | 6.5 inch woofer, 2x5 inch horn tweeter | Quick Mounting System Included",,wireless,226,4.47
B071WT7ZZJ,Sony SRS-XB20/BLUE Portable Wireless Bluetooth Speaker (Certified Refurbished),,wireless,37,3.89
B00ES2BQ7M,iNassen Compatible Earphone Adapter Headphone Replacement for phone,,wireless,3438,4.49
B004V6A4H8,"Alpine SPS610C / SPS-610C / SPS-610C 6.25, 230W, Component Speakers",,wireless,19,4.36
B019XRK69K,"JVC KW-V220BT Double DIN Bluetooth in-Dash DVD/CD/AM/FM Receiver w/ 6.2"""" Touchscreen Pandora Support and Sirius XM Ready",,wireless,18,3.83
B00KZYOICM,"Kicker 41KM652C 6-1/2"""" KM-Series 195W Peak/65W RMS 2 Ohm Marine Speakers KM652C",,wireless,5,3.4
B00O8MULHI,"JBL GX602 180W 6.5"""" 2-Way GX Series Coaxial Car Loudspeakers",,wireless,70,4.27
B01N6NJ1V9,"Kenwood DDX374BT 2-DIN Bluetooth in-Dash CD/DVD/DM Receiver with 6.2"""" Touchscreen",,wireless,63,3.95
B074VFPQ8G,Garmin fenix 5X QuickFit Bands (26mm) Slate Grey Stainless Steel,,wireless,2,5
B0038NUFXS,"Alpine SPE-6090 6x9"""" 2-way Car Audio Speakers (Pair)",,wireless,67,4.52
B00Y3KXXUW,"Boytone BT-120BL Portable Wireless Bluetooth Speaker, Built-in Microphone, 2 Stereo Speaker, Rechargeable Battery. Aluminum Casing. Works with iPhone, iPad, Samsung, Tablets and Other Smart Phones",,wireless,2,3.5
B00K3A9TNQ,POWER ACOUSTIK LP-3CSC License Plate with 2 Back-Up Sensors & CCD Camera (Chrome),,wireless,0,0
B01LWCOKAE,JVC In-Dash CD Receiver (KD-R880BT),,wireless,6,4
B007ME3FKO,"Alpine Spe-5000 5.25"""" 2 Way Pair of Car Speakers Totalling 200 Watts Peak / 50 Watts RMS",,wireless,9,4.55
B00U7RW0B8,"Kenwood KFC-1653MRW 6.5"""" 2-Way Marine Speakers Pair (White)",,wireless,223,4.43
B0172DS3ME,Verizon 6620L Unlimited 4G LTE Data and MiFi Jetpack Mobile Hotspot,,wireless,3,4.66
B007E9J6NM,"POWER ACOUSTIK LP-3CSC License Plate Camera with Night Vision, Proximity Collision Avoidance Sensors, Chrome Color",EPS,wireless,0,0
B01N1N908J,JBL UnderArmour Sport Wireless in-Ear Headphones with Heart Rate Monitor (Black),JBL,wireless,23,2.3
B00R5WGT2E,"JVC KW-SX83BTS 2-Din Apple and Android Compatibility Digital Media Receiver featuring Bluetooth, USB, SiriusXM Ready, Pandora, iHeartRadio, Spotify, 13-Band EQ and JVC Remote /Free Alphasonik Earbuds",JVC,wireless,53,4.49
B01AWGYE12,ZTE Spro 2 Smart Projector WiFi Only - Retail Packaging (Silver),ZTE,wireless,86,3.8
B0163800S4,"Lightning to 3.5 mm Headphone Jack Adapter With Charger, 2 in 1 Lightning Headphone Jack and Charger Adapter",ZTE,wireless,440,4.23
B00CFX58YI,Pioneer GM-D8601 Class D Mono Amplifier with Wired Bass Boost Remote,ASUS,wireless,482,4.48
B00XF80RBG,BOYO VTL17IR - Concealed License Plate Backup Camera with Night Vision and Guide Parking Lines (Black),Boyo,wireless,16,3.25
B00BPATVEA,Dual Electronics SBX101 10 inch Studio Quality High Performance Ported Enclosed Subwoofer with 500 Watts of Peak Power Black,Dual,wireless,8,4.62
B01610F3KY,LG Transpyre (Verizon LTE Prepaid),LGIC,wireless,69,4.21
B00BMRE0RE,Pyle PLBASS2.8 8-Inch Super-Slim Active Amplified Subwoofer System,Pyle,wireless,12,3.83
B004HJ3J8K,Single DIN Head Unit Receiver - in-Dash Car Stereo with 7” Multi-Color Touchscreen Display - Audio Video System with Bluetooth for Wireless Music Streaming & Hands-Free Calling - Pyle PLTS78DUB,Pyle,wireless,352,3.45
B01CEAT9ZU,Sony MEXM100BT 160W RMS Marine CD Receiver with Bluetooth (Black) and SiriusXM Ready,Sony,wireless,31,3.74
B01MF9W0GU,"Sony XAV-AX100 6.4"""" Car Play/Android Auto Media Receiver with Bluetooth",Sony,wireless,194,4.03
B075NY1N3V,"Sony XAV-AX200 DVD Receiver w/Bluetooth MP3 Satellite Radio, Apple Car Play and Android Auto (Disco by Manufacturer)",Sony,wireless,15,4.13
B01GUY5KYA,"TOBOS Screen Protector Tempered Glass,[Anti-Fingerprint][No-Bubble][Scratch-Resistant] Glass Screen Protector for Samsung Galaxy",Apple,wireless,6,5
B015ZRJ8NW,Apple Lightning to VGA Adapter,Apple,wireless,263,4.35
B01L2U1OI8,"Cobra RAD 450 Laser Radar Detector: Long Range, False Alert Filter, Voice Alert & OLED Display",Cobra,wireless,430,4.15
B01M3MMFA5,BlueParrott B450-XT Noise Canceling Bluetooth Headset,Jabra,wireless,1427,4.12
B01L74RPL4,Jabra 100-97500011-02 Sport Coach Special Edition Wireless Bluetooth Stereo Earbuds (U.S. Retail Packaging),Jabra,wireless,75,3.04
B001G2BAGO,Viper 7153V Replacement 5-Button Transmitter,Viper,wireless,194,4.2
B004UC2N7M,"Alpine SPS-517 5"""" x 7"""" 2-Way Type-S Series Coaxial Car Speaker",Alpine,wireless,106,4.53
B00CKWOTF8,"Alpine CDE-143BT Single-DIN Bluetooth Car Stereo CD Player AM FM Radio w/USB, Auxiliary Input and 2-Way iPod Control",Alpine,wireless,95,4.29
B0038NMC8O,"Alpine SPE-6000 6.5"""" 2-Way Speakers",Alpine,wireless,68,4.2
B0013MYXDO,Bbox E12DSV Pro-Series 12” Dual Vented Subwoofer Enclosure,Atrend,wireless,230,4.08
B0013N0U9O,"Bbox A232-10CP Dual 10"""" Sealed Carpeted Subwoofer Enclosure - Fits 1994-2002 Dodge Ram Extended Cab",Atrend,wireless,26,3.38
B014M8JXT4,"Escort 0100018-2 X70 Radar Detector with Live, Extreme Long Range, False Alert Filter, OLED Display, Voice Alerts, Black",Escort,wireless,134,3.84
B00RVGXYJK,Garmin BC 30 Wireless Backup Camera,Garmin,wireless,476,4.02
B00B22564K,Fusion MS-OS420 Marine Compact Box Speakers (Pair),Garmin,wireless,15,3
B01N5K3SIB,Garmin 010-12496-06 Fenix 5 Quick fit 22 Watch Band - Slate Grey Stainless Steel,Garmin,wireless,13,3.15
B00RVGXZBM,"Garmin dezl 770LMTHD, Truck GPS Navigator with 7-inch Glass Display, Free Lifetime Map Updates and Traffic",Garmin,wireless,308,3.72
B071YR4729,"Garmin VIRB 360, Waterproof 360-degree Camera, 5.7K/30fps Resolution, 1-Click Video Stabilization up to 4K Resolution",Garmin,wireless,41,3.39
B01MZ4GTGG,Garmin 010-12517-05 Fenix 5X Quick fit 26 Watch Band - Slate Grey Stainless Steel,Garmin,wireless,21,4.09
B01N634P7O,Google Daydream View - VR Headset (Slate),Google,wireless,236,3.67
B00FJECGRC,"ReTrak Premier Series ETLTUSBBLK Retractable Lightning to USB Charge and Sync Cable for iPhone, iPod, and iPad (Black)",ReTrak,wireless,69,3.33
B01JCIJ21I,"mophie powerstation Plus Mini External Battery with Built in Cables for Smartphones and Tablets (4,000mAh) - Gold",mophie,wireless,27,3.85
B01JB2483W,"mophie powerstation Plus Mini External Battery with Built in Cables for Smartphones and Tablets (4,000mAh) - Rose Gold",mophie,wireless,70,3.18
B01JCIJJE8,"mophie powerstation XXL External Battery for Universal Smartphones and Tablets (20,000mAh) - Rose Gold",mophie,wireless,57,3.73
B018GWSVXQ,"Note 5 Waterproof Case, Ghostek Atomic 2.0 Series for Samsung Galaxy Note 5 | Full-Body Underwater | Waterproof | Shockproof | Dirt-Proof | Snow-Proof | Slim Premium Case | Aluminum Frame (Black)",Ghostek,wireless,166,3
B01J4PR2A2,"Incipio offgrid Power Pack Wireless Battery Case 2200 mAh for Moto Z, Force - Black",Incipio,wireless,173,4.24
B017Y5W0G0,Kenwood KDC-MP368BT Built-in Bluetooth CD Receiver,Kenwood,wireless,35,4.17
B01GITWG5S,Kenwood DDX Double DIN SiriusXM Ready Bluetooth In-Dash DVD/CD/AM/FM Car Stereo Receiver,Kenwood,wireless,83,3.92
B017LKVEBA,"Pioneer AVHX3800BHS 2-DIN Receiver with 6.2"""" Display/Built-in Bluetooth/Siri Eyes Free/AppRadio One/HD Radio",Pioneer,wireless,377,4.21
B014Z7IOGA,"Pioneer 4"""" x 6"""" 200 Watts Max 3-Way A-Series Car Audio Coaxial Speakers with Carbon and Mica Reinforced IMPP Woofer",Pioneer,wireless,55,4.43
B00NF5EQDY,"Pioneer TS-G6845R 6""""x8"""" G-Series 2-Way Speaker with 250W Max Power",Pioneer,wireless,146,4.23
B07644ZS1D,"Samsung Gear IconX (2018 Edition) SM-R140NZKAXAR Bluetooth Cord-free Fitness Earbuds, w/ On-board 4Gb MP3 Player (US Version with Warranty) - Black",Samsung,wireless,2078,3.11
B06XHWTR27,"Samsung Galaxy S8+ LED View Wallet Case, Black - EF-NG955PBEGUS",Samsung,wireless,97,3.9
B00OM40K1Y,Samsung EP-TA20JWEUSTA Adaptive Fast Home Charger - White - Retail Packaging,Samsung,wireless,1786,3.62
B01D9LVL3G,Samsung Gear 360 Real 360° High Resolution VR Camera (US Version with Warranty),Samsung,wireless,549,3.67
B06XJ9KVMS,"Samsung Galaxy S8 LED View Wallet Case, Black",Samsung,wireless,70,3.77
B01N1Q6V7K,Samsung J3 - Verizon Prepaid,Samsung,wireless,40,3.75
B01F5FYXNO,"Samsung Galaxy J3, Verizon LTE Prepaid (Black)",Samsung,wireless,90,3.77
B00KGGK1J8,Samsung Universal 3100mAh Portable External Battery Charger - White,Samsung,wireless,99,3.71
B00YAE9DXM,Samsung J1 (Verizon LTE Prepaid),Samsung,wireless,146,3.5
B00KPZN5UC,iSimple Portable Wireless Remote Control for Smartphones and Bluetooth Devices - Frustration-Free Packaging - Black,iSimple,wireless,165,3.46
B00FX4FO1S,iSimple ISBT52 Bluetooth Add-On Module for iPhone - Frustration-Free Packaging - Black,iSimple,wireless,16,3.62
B00FRU5UNA,iSimple Hands-Free Calling and Music Streaming Kit with Control Button for Smartphones - Frustration-Free Packaging - Black,iSimple,wireless,275,3.92
B00AT91DNK,iSimple StrongHold Universal Headrest Mounting System for Tablets,iSimple,wireless,13,3.38
B0186TTQUG,Kenwood KMM-BT325U Single DIN Bluetooth SiriusXM Ready In-Dash Digital Media Car Stereo Receiver w/ Spotify Control + Gravity Magnet Holder,kenwood,wireless,124,4.16
B01A71WMH0,Ecoxgear Ecojam Waterproof Bluetooth Speaker,ECOXGEAR,wireless,8,4.37
B010KJZDM0,Ecoxgear Ecocarbon Bluetooth Waterproof Speaker (black),ECOXGEAR,wireless,61,4.18
B01A71WJ5K,Ecoxgear Sol Jam Solar-powered Waterproof Speaker (black),ECOXGEAR,wireless,20,3.4
B06XSGYCHC,SiriusXM SXEZR1V1 Onyx EZR Satellite Radio with Vehicle Kit - Get 3 Months Free Service with Subscription,SiriusXM,wireless,79,4.15
B016NXEBU2,"SiriusXM Commander Touch Full-Color, Touchscreen Dash-Mounted Radio with Free 3 Months Satellite and Streaming Service",SiriusXM,wireless,122,3.7
B06XSWKGZP,SiriusXM SXEZR1H1 Onyx EZR Satellite Radio with Home Kit - Get 3 Months Free Service with subscription,SiriusXM,wireless,69,3.88
B00M0FDN9I,SiriusXM SXSD2 Portable Speaker Dock Audio System for Dock and Play Radios (Black),SiriusXM,wireless,1128,4.46
B00XIVSZBE,Power Acoustik PA 10.2-Inch LCD Ceiling Mount DVD Combo,Amazon.com,wireless,0,0
B00XKHQ2CU,Garmin BC 30 Wireless Backup Camera,Amazon.com,wireless,0,0
B01C0J7L00,"Planet Audio P9630B Double Din, Touchscreen, Bluetooth, DVD/CD/MP3/USB/SD AM/FM Car Stereo, 6.2 Inch Digital LCD Monitor, Wireless Remote",Planet Audio,wireless,106,3.33
B00MBUZ2DW,Rand McNally TND730 IntelliRoute GPS Truck Navigator,Rand McNally,wireless,289,3.03
B073HC1BTP,Rand McNally OverDryve 7C Portable Vehicle GPS Unit,Rand McNally,wireless,19,2.57
B00HZN1WTI,Grace Digital GDI-BTPB300 3Play Jukebox Bluetooth Adapter (Black),Grace Digital,wireless,40,3.12
B06Y1SQFV3,LG Stylo 3 - Prepaid - Carrier Locked - Virgin Mobile,Virgin Mobile,wireless,161,4.02
B00B7C07LC,"Power Acoustik GW3-10 10"""" Dual 2 Ω 1000W RMS Subwoofer",POWER ACOUSTIK,wireless,52,4.09
B0072LEDYE,"Power Acoustik PMD-102X Ceiling Mount DVD Overhead With 10.2"""" LCD/MobileLink",POWER ACOUSTIK,wireless,10,2.4
B004TAHGCM,Power Acoustik MOFO-154X MOFO 15-Inch Dual 4-Ohm VC 3000 Watt Pro Subwoofer,POWER ACOUSTIK,wireless,86,4.38
B01CQMWU84,Power Acoustik EG1-4500D 4500W Class D Monoblock Amplifier,Power Acoustik,wireless,4,3.75
B00CIHAIU0,House of Marley EM-FA001-PT Get Up Stand Up Premium Bluetooth Audio System,House of Marley,wireless,20,4.5
B00NTJKAXG,Verizon MiFi 6620L Jetpack 4G LTE Mobile Hotspot (Verizon Wireless),Verizon Wireless,wireless,195,3.26
B01GL65NMQ,Cobra Electronics CDR895D Drive HD 1080P Full HD Dual Channel Dash Cam,Cobra Electronics,wireless,128,2.58
B01LW9P83Z,Alpine Electronics PWE-S8-WRA Powered Subwoofer for 2011-Up Jeep Wrangler,Alpine Electronics,wireless,20,3.65
B00OAS2OQG,"Alpine Electronics X009-GM 9"""" Restyle Dash System for Select GM Trucks",Alpine Electronics,wireless,7,4
B07573TWMD,"Alpine Electronics i207-WRA 7"""" Mech-Less Restyle Dash System with Apple Car Play & Android Auto for Jeep Wrangler (2007-2017)",Alpine Electronics,wireless,8,4.62
B00UMP7TF2,Outdoor Tech OT1351 Buckshot Pro 3-in-1 Rugged Wireless Bluetooth Speaker with Power Bank and 3-mode Flashlight (Gray),Outdoor Technology,wireless,20,4.15
B074G2HQLK,"Samsung Gear Fit2 Pro Smart Fitness Band (Large), Diamond Red, SM-R365NZRAXAR – US Version with Warranty",Samsung Electronics,wireless,288,3.27
B072KPG9PN,"Samsung Galaxy J3 Prime J327A 16GB 4G LTE 7.0 Nougat 5"""" GSM Unlocked - Black",Samsung Electronics,wireless,93,3.67
B071KGTRG8,"Samsung Galaxy J7 4G LTE 5"""" 16 GB GSM Unlocked - Black",Samsung Electronics,wireless,24,3.08
B074G917W1,"Samsung EF-ZN950CVEGUS Galaxy Note8 S-View Flip Cover with Kickstand, Orchid Gray",Samsung Electronics,wireless,226,4.14
B01JEQMBPM,Samsung Level Active Wireless Bluetooth Fitness Earbuds - Black (US Version with Warranty),Samsung Electronics,wireless,150,2.98
B07536MYBQ,Samsung Galaxy Note8 N950U 64GB Unlocked GSM LTE Android Phone w/ Dual 12 Megapixel Camera - Midnight Black,Samsung Unlocked Phones,wireless,346,3.93
B011SHJ2X4,Apple iPod touch (128GB) - Blue,Applica Consumer Products Inc,wireless,54,4.37
B0756KQGZT,Fitbit Flyer,Fitbit,drugstore,0,0
B009NEKAEA,"Energizer Rechargeable AA Batteries, NiMH, 2000 mAh, Pre-Charged, 8 count (Recharge Universal) - Packaging May Vary",Energizer,drugstore,358,4.28
B003D7JSUK,Sonax Wall Mount Stand for 28-Inch to 50-Inch TV,Sonax,furniture,1,5
B016M04QSS,Zubie GPS Tracker with WiFi Hotspot (GL700C),Zubie,automotive,19,1.78
B00U0VEGRM,Dreamwave Tremor Army Green/Black Aluminum Wireless 50W Rugged Outdoor Bluetooth Speaker,Dreamwave,automotive,33,3.93
B01N51R0GL,AfterShokz Sportz Titanium with Mic - Wired Open-Ear Bone Conduction Headphones with Microphone - Onyx Black - 4 ft Wire - 12 Hr Battery Life - 2 Hr Charge Time - Standard 3.5 mm Audio Jack (AS451XB),,electronics,73,3.63
B008NCD2EI,Pioneer SP-C22 Andrew Jones Designed Center Channel Speaker,,electronics,371,4.7
B00E63R4DI,"SpeakerCraft Profile CRS6 Two 6.5"""" In-Ceiling Speaker - Each (Black)",,electronics,0,0
B017V94BUW,Yamaha RX-V479BL 5.1-Channel MusicCast AV Receiver with Bluetooth with MusicCast Speaker,,electronics,0,0
B018K251JE,"Boytone BT-210FB Wireless Bluetooth Stereo Audio Speaker with Powerful Sound, Bass System, Excellent Clear Sound & FM Radio, Remote Control, Aux-In Port, USB/SD/for Phone's, Laptops, Black, 30 W",,electronics,152,3.78
B00PASUGTC,SVS Prime Center Speaker – Premium Black Ash,,electronics,25,4.76
B00MOOBWV6,Jensen Portable 3-Speed Turntable + Focus Micro-fiber Cleaning Cloth + Focus Proffessional Dust Blower + Focus Lens Cleaning Pen + Discwasher Vinyl Record Care System,,electronics,0,0
B0771RXJ72,"SunBriteTV Outdoor Weatherproof Tilt Mount for 37"""" - 80"""" TV Screens & Displays - SB-WM-T-L-BL (Black)",,electronics,1,5
B00KC8H9YK,Kenwood KFC-C6865R 250w Road Series 6x8 2-Way Custom Car Stereo Speakers,,electronics,2,5
B006ZA1HFG,AudioQuest Sydney 1.5m RCA to RCA Audio Cables,,electronics,1,5
B075QXWNVG,JBL Everest 310 On-Ear Wireless Bluetooth Headphones (Gun Metal),,electronics,15,3.73
B079Y5D9TH,JBL Reflect Contour 2 Wireless Sport in-Ear Headphones with Three-Button Remote and Microphone - Blue,,electronics,16,3.12
B0145L65S0,JBL Flip 3 Splashproof Portable Bluetooth Speaker (Teal),,electronics,418,4.36
B00NBC79SA,Jensen JTA-410-BLK Portable 3-Speed Stereo Turntable with Built-In Speakers (Black),,electronics,0,0
B01N6FX5M2,"Sol Republic Truly Wireless Amps Air, Gold/Black (SOL-EP1190BK)",,electronics,17,3.35
B01D0CEC62,JBL Everest Elite 100 NXTGen Noise-Cancelling Bluetooth in-Ear Headphones Black,,electronics,24,2.25
B00NYAKL66,SIRIUS-XM SXSD2 Dock & Play Radio Boom Box,,electronics,0,0
B007I58DPY,Russound 3165-533464 2-Way Granite Rock Speaker,,electronics,0,0
B01J0BFAAO,Sony h.Ear go SRS-HG1 Portable Speaker - Bluetooth Wireless - Black - SRSHG1/BLK (Renewed),,electronics,29,4.55
B00CBF0VIS,SpeakerCraft ASM866015 CRS6 Zero in-Ceiling Speakers,,electronics,1,5
B0061MYR6Y,Sennheiser Headphones HD800 (Parallel import goods),,electronics,0,0
B010KLQD36,Beats Solo 2 Wireless On-Ear Headphone - White-(Renewed),,electronics,8,4.25
B00F9LIW5K,Universal Remote Control - 48-Device Universal Remote,,electronics,9,3.44
B00A8LOQM4,2PJ4280 - Peerless-AV Wall Mount for Tablet PC,,electronics,0,0
B00SVZT5Q6,"SVS PB12-Plus – 12-inch, 800 Watt DSP Controlled, Ported Box Subwoofer with Variable Tuning (Black Oak Dual Subs)",,electronics,0,0